id,age,genre,taille,regular_eating,sorbet_fraise,sorbet_framboise,sorbet_passion,sorbet_citron,creme_glacee_vanille,creme_glacee_chocolat,creme_glacee_rhumraisins,creme_glacee_caramel,comment
1,30,NA,175.79135223510264,Non renseigné,0_pas_du_tout,0_pas_du_tout,1_un peu,0_pas_du_tout,2_moyennement,1_un peu,0_pas_du_tout,2_moyennement,NA
2,67,homme,NA,Non renseigné,1_un peu,4_énormément,1_un peu,3_beaucoup,Non renseigné,3_beaucoup,3_beaucoup,0_pas_du_tout,NA
3,77,homme,171.4424399393224,Non renseigné,0_pas_du_tout,0_pas_du_tout,4_énormément,3_beaucoup,4_énormément,2_moyennement,4_énormément,Non renseigné,NA
4,18,homme,169.10515269373863,Non renseigné,3_beaucoup,2_moyennement,0_pas_du_tout,2_moyennement,3_beaucoup,1_un peu,3_beaucoup,0_pas_du_tout,NA
5,26,NA,165.03982738809367,Non,2_moyennement,4_énormément,Non renseigné,4_énormément,3_beaucoup,4_énormément,3_beaucoup,1_un peu,NA
6,64,homme,179.22928788197913,Oui,2_moyennement,2_moyennement,0_pas_du_tout,0_pas_du_tout,2_moyennement,1_un peu,Non renseigné,Non renseigné,NA
7,10,femme,127.8124077795689,Non renseigné,1_un peu,2_moyennement,0_pas_du_tout,0_pas_du_tout,1_un peu,Non renseigné,Non renseigné,Non renseigné,NA
8,57,homme,168.4842362557809,Oui,2_moyennement,2_moyennement,2_moyennement,1_un peu,1_un peu,4_énormément,4_énormément,1_un peu,NA
9,68,femme,172.30321629217454,Non renseigné,0_pas_du_tout,1_un peu,0_pas_du_tout,0_pas_du_tout,2_moyennement,Non renseigné,4_énormément,2_moyennement,NA
10,12,femme,141.17457995136863,Non,4_énormément,2_moyennement,1_un peu,0_pas_du_tout,4_énormément,3_beaucoup,2_moyennement,Non renseigné,Pouet pouet camionnette!
11,47,homme,167.23776712017522,Non,0_pas_du_tout,3_beaucoup,4_énormément,0_pas_du_tout,4_énormément,3_beaucoup,Non renseigné,0_pas_du_tout,NA
12,30,homme,169.92387679840903,Non,0_pas_du_tout,1_un peu,3_beaucoup,0_pas_du_tout,2_moyennement,1_un peu,3_beaucoup,4_énormément,NA
13,25,femme,158.04454540792034,Non,1_un peu,0_pas_du_tout,4_énormément,4_énormément,Non renseigné,4_énormément,0_pas_du_tout,1_un peu,NA
14,3,NA,95.49007334111938,Non,1_un peu,2_moyennement,0_pas_du_tout,4_énormément,3_beaucoup,3_beaucoup,0_pas_du_tout,3_beaucoup,NA
15,41,femme,NA,Non renseigné,2_moyennement,1_un peu,2_moyennement,0_pas_du_tout,0_pas_du_tout,Non renseigné,1_un peu,Non renseigné,NA
16,69,femme,172.26619855208725,Non renseigné,1_un peu,Non renseigné,0_pas_du_tout,4_énormément,2_moyennement,0_pas_du_tout,0_pas_du_tout,Non renseigné,NA
17,64,homme,174.82194946307874,Non,3_beaucoup,4_énormément,2_moyennement,0_pas_du_tout,1_un peu,0_pas_du_tout,3_beaucoup,Non renseigné,NA
18,63,NA,164.27178099308148,Non,2_moyennement,0_pas_du_tout,2_moyennement,3_beaucoup,0_pas_du_tout,1_un peu,3_beaucoup,2_moyennement,NA
19,73,femme,160.65067319677652,Oui,2_moyennement,1_un peu,Non renseigné,Non renseigné,4_énormément,3_beaucoup,1_un peu,Non renseigné,NA
20,22,femme,167.0951695323795,Non,3_beaucoup,Non renseigné,4_énormément,2_moyennement,Non renseigné,3_beaucoup,Non renseigné,Non renseigné,NA
21,54,homme,182.06691365432232,Oui,3_beaucoup,4_énormément,3_beaucoup,1_un peu,4_énormément,2_moyennement,2_moyennement,Non renseigné,NA
22,14,NA,149.76423405208226,Non,2_moyennement,1_un peu,1_un peu,1_un peu,3_beaucoup,3_beaucoup,0_pas_du_tout,Non renseigné,NA
23,33,femme,163.68914150870887,Non,0_pas_du_tout,2_moyennement,0_pas_du_tout,0_pas_du_tout,3_beaucoup,3_beaucoup,2_moyennement,Non renseigné,NA
24,26,femme,161.25651510971272,Oui,3_beaucoup,2_moyennement,1_un peu,2_moyennement,4_énormément,2_moyennement,4_énormément,Non renseigné,NA
25,NA,homme,170.1349008457629,Oui,0_pas_du_tout,4_énormément,1_un peu,0_pas_du_tout,2_moyennement,Non renseigné,4_énormément,Non renseigné,NA
26,64,homme,171.88283036187286,Oui,2_moyennement,2_moyennement,0_pas_du_tout,0_pas_du_tout,0_pas_du_tout,3_beaucoup,3_beaucoup,4_énormément,NA
27,NA,femme,129.1281863109294,Oui,1_un peu,2_moyennement,0_pas_du_tout,0_pas_du_tout,4_énormément,1_un peu,1_un peu,Non renseigné,NA
28,22,homme,155.5630977234727,Non,0_pas_du_tout,2_moyennement,1_un peu,1_un peu,0_pas_du_tout,4_énormément,2_moyennement,1_un peu,C'est quoi le but de votre enquête? c'est à ça que servent nos impôts j'y crois pas!
29,20,femme,170.3997858218352,Oui,0_pas_du_tout,1_un peu,NA,0_pas_du_tout,2_moyennement,4_énormément,4_énormément,1_un peu,NA
30,50,homme,169.46103627168333,Non renseigné,2_moyennement,3_beaucoup,1_un peu,4_énormément,4_énormément,Non renseigné,4_énormément,Non renseigné,NA
31,75,homme,163.38916502276334,Oui,2_moyennement,1_un peu,2_moyennement,Non renseigné,3_beaucoup,Non renseigné,1_un peu,4_énormément,NA
32,78,homme,172.2832611108612,Non renseigné,2_moyennement,0_pas_du_tout,1_un peu,2_moyennement,Non renseigné,1_un peu,1_un peu,Non renseigné,NA
33,NA,non binaire,NA,Oui,2_moyennement,4_énormément,1_un peu,2_moyennement,4_énormément,3_beaucoup,0_pas_du_tout,0_pas_du_tout,Moi j'adore les glaces mais c'est difficile de trouver de bons artisans de nos jours.
34,7,femme,114.45971287892071,Non renseigné,0_pas_du_tout,Non renseigné,1_un peu,2_moyennement,2_moyennement,4_énormément,Non renseigné,1_un peu,RAS
35,31,femme,162.95630207364465,Non,2_moyennement,1_un peu,2_moyennement,0_pas_du_tout,3_beaucoup,Non renseigné,3_beaucoup,Non renseigné,NA
36,59,femme,164.40552606170525,Non,1_un peu,0_pas_du_tout,4_énormément,2_moyennement,3_beaucoup,3_beaucoup,4_énormément,1_un peu,NA
37,3,non binaire,94.33720622218311,Oui,1_un peu,0_pas_du_tout,0_pas_du_tout,1_un peu,3_beaucoup,1_un peu,2_moyennement,0_pas_du_tout,NA
38,71,homme,162.0207583810472,Non renseigné,2_moyennement,0_pas_du_tout,2_moyennement,3_beaucoup,0_pas_du_tout,3_beaucoup,Non renseigné,Non renseigné,NA
39,65,femme,164.11965877501478,Non renseigné,2_moyennement,0_pas_du_tout,0_pas_du_tout,0_pas_du_tout,1_un peu,Non renseigné,3_beaucoup,4_énormément,NA
40,10,NA,129.6720775762246,Non renseigné,3_beaucoup,0_pas_du_tout,0_pas_du_tout,2_moyennement,3_beaucoup,1_un peu,4_énormément,Non renseigné,NA
41,31,femme,167.91246249604077,Non,2_moyennement,0_pas_du_tout,0_pas_du_tout,2_moyennement,4_énormément,Non renseigné,Non renseigné,3_beaucoup,NA
42,44,homme,172.4812805967901,Non renseigné,3_beaucoup,3_beaucoup,3_beaucoup,0_pas_du_tout,2_moyennement,4_énormément,1_un peu,Non renseigné,NA
43,20,femme,NA,Non,2_moyennement,4_énormément,Non renseigné,1_un peu,2_moyennement,3_beaucoup,Non renseigné,Non renseigné,NA
44,17,femme,165.14728529285674,Oui,2_moyennement,4_énormément,1_un peu,4_énormément,Non renseigné,4_énormément,4_énormément,4_énormément,NA
45,21,NA,175.27142929425426,Non renseigné,2_moyennement,2_moyennement,0_pas_du_tout,0_pas_du_tout,2_moyennement,0_pas_du_tout,2_moyennement,Non renseigné,NA
46,47,femme,NA,Non,2_moyennement,Non renseigné,2_moyennement,3_beaucoup,Non renseigné,2_moyennement,0_pas_du_tout,2_moyennement,NA
47,14,homme,152.06068269235683,Oui,4_énormément,1_un peu,1_un peu,1_un peu,Non renseigné,2_moyennement,1_un peu,2_moyennement,NA
48,55,homme,NA,Oui,1_un peu,1_un peu,Non renseigné,3_beaucoup,3_beaucoup,1_un peu,Non renseigné,Non renseigné,NA
49,8,homme,118.52042195847099,Non renseigné,2_moyennement,2_moyennement,3_beaucoup,3_beaucoup,Non renseigné,0_pas_du_tout,0_pas_du_tout,Non renseigné,NA
50,5,femme,102.36350658662555,Non renseigné,0_pas_du_tout,3_beaucoup,2_moyennement,3_beaucoup,4_énormément,2_moyennement,1_un peu,4_énormément,NA
51,3,homme,95.32718882076539,Oui,2_moyennement,0_pas_du_tout,0_pas_du_tout,1_un peu,Non renseigné,4_énormément,1_un peu,Non renseigné,NA
52,22,femme,156.7842218319788,Non,3_beaucoup,3_beaucoup,4_énormément,0_pas_du_tout,2_moyennement,1_un peu,3_beaucoup,Non renseigné,NA
53,32,homme,163.88312296889146,Oui,Non renseigné,3_beaucoup,3_beaucoup,1_un peu,4_énormément,4_énormément,2_moyennement,Non renseigné,NA
54,34,femme,163.54339722473225,Oui,0_pas_du_tout,3_beaucoup,0_pas_du_tout,3_beaucoup,3_beaucoup,0_pas_du_tout,1_un peu,3_beaucoup,NA
55,66,femme,174.57482347364902,Non renseigné,1_un peu,0_pas_du_tout,0_pas_du_tout,4_énormément,1_un peu,0_pas_du_tout,3_beaucoup,Non renseigné,NA
56,NA,femme,157.87344265624293,Oui,4_énormément,4_énormément,4_énormément,2_moyennement,0_pas_du_tout,4_énormément,3_beaucoup,Non renseigné,"Bonne continuation, c'est un travail très important que vous réalisez!"
57,66,homme,173.2108718216554,Oui,3_beaucoup,3_beaucoup,Non renseigné,0_pas_du_tout,3_beaucoup,4_énormément,4_énormément,4_énormément,NA
58,7,femme,115.43279215275294,Non renseigné,2_moyennement,4_énormément,2_moyennement,1_un peu,1_un peu,2_moyennement,4_énormément,Non renseigné,NA
59,31,homme,166.19732524902102,Non,0_pas_du_tout,4_énormément,1_un peu,0_pas_du_tout,0_pas_du_tout,1_un peu,0_pas_du_tout,2_moyennement,NA
60,53,femme,162.39088461293062,Oui,1_un peu,3_beaucoup,3_beaucoup,1_un peu,2_moyennement,2_moyennement,2_moyennement,4_énormément,NA
61,6,femme,110.94933731821699,Non,2_moyennement,2_moyennement,2_moyennement,2_moyennement,4_énormément,3_beaucoup,0_pas_du_tout,2_moyennement,RAS
62,7,homme,116.16998055490444,Oui,2_moyennement,1_un peu,1_un peu,0_pas_du_tout,4_énormément,3_beaucoup,3_beaucoup,4_énormément,Est-ce qu'on pourra recevoir les résultats de l'enquête? Je vous laisse mon mail: xxxx.xxxx@gmail.com
63,4,femme,101.27920579636222,Non,1_un peu,3_beaucoup,1_un peu,2_moyennement,1_un peu,4_énormément,Non renseigné,Non renseigné,NA
64,27,non binaire,NA,Non,0_pas_du_tout,3_beaucoup,4_énormément,0_pas_du_tout,1_un peu,4_énormément,Non renseigné,3_beaucoup,NA
65,20,femme,164.71675114392397,Non,0_pas_du_tout,4_énormément,NA,3_beaucoup,1_un peu,1_un peu,4_énormément,Non renseigné,L'offre de parfums en vegan c'est vraiment pas ça. Je suis déçu.
66,NA,homme,181.87767696909248,Oui,0_pas_du_tout,2_moyennement,4_énormément,0_pas_du_tout,4_énormément,4_énormément,2_moyennement,1_un peu,NA
67,24,femme,161.0347807495169,Oui,2_moyennement,2_moyennement,3_beaucoup,Non renseigné,Non renseigné,4_énormément,Non renseigné,Non renseigné,NA
68,5,non binaire,NA,Non renseigné,1_un peu,0_pas_du_tout,0_pas_du_tout,2_moyennement,3_beaucoup,4_énormément,0_pas_du_tout,Non renseigné,NA
69,17,homme,166.2059276258435,Non renseigné,Non renseigné,4_énormément,1_un peu,3_beaucoup,4_énormément,3_beaucoup,4_énormément,Non renseigné,NA
70,47,femme,164.09002178126676,Non,1_un peu,4_énormément,4_énormément,0_pas_du_tout,4_énormément,3_beaucoup,4_énormément,2_moyennement,NA
71,76,homme,173.12464734660733,Non renseigné,1_un peu,4_énormément,1_un peu,Non renseigné,Non renseigné,3_beaucoup,3_beaucoup,0_pas_du_tout,NA
72,31,homme,170.02332209855487,Oui,3_beaucoup,2_moyennement,0_pas_du_tout,2_moyennement,1_un peu,2_moyennement,4_énormément,2_moyennement,NA
73,5,femme,105.35738062229099,Non,3_beaucoup,Non renseigné,3_beaucoup,3_beaucoup,0_pas_du_tout,Non renseigné,4_énormément,0_pas_du_tout,NA
74,29,homme,176.0604899116017,Oui,3_beaucoup,2_moyennement,Non renseigné,3_beaucoup,0_pas_du_tout,4_énormément,4_énormément,Non renseigné,NA
75,63,femme,164.98620408492482,Non renseigné,4_énormément,2_moyennement,Non renseigné,1_un peu,4_énormément,1_un peu,3_beaucoup,Non renseigné,NA
76,NA,femme,NA,Oui,Non renseigné,0_pas_du_tout,4_énormément,1_un peu,4_énormément,4_énormément,0_pas_du_tout,Non renseigné,NA
77,NA,femme,159.52440864090767,Non,Non renseigné,4_énormément,1_un peu,3_beaucoup,2_moyennement,4_énormément,3_beaucoup,Non renseigné,NA
78,75,NA,164.998992247776,Non renseigné,1_un peu,3_beaucoup,3_beaucoup,0_pas_du_tout,0_pas_du_tout,Non renseigné,1_un peu,Non renseigné,NA
79,14,femme,150.7931179578906,Non renseigné,0_pas_du_tout,2_moyennement,1_un peu,0_pas_du_tout,3_beaucoup,3_beaucoup,3_beaucoup,Non renseigné,NA
80,71,femme,163.53903432254518,Non renseigné,3_beaucoup,2_moyennement,3_beaucoup,2_moyennement,Non renseigné,Non renseigné,3_beaucoup,4_énormément,NA
81,11,homme,NA,Oui,3_beaucoup,4_énormément,1_un peu,4_énormément,3_beaucoup,3_beaucoup,0_pas_du_tout,Non renseigné,NA
82,59,femme,166.02169603218877,Oui,3_beaucoup,4_énormément,3_beaucoup,4_énormément,4_énormément,1_un peu,3_beaucoup,3_beaucoup,NA
83,63,NA,169.49244599783242,Non renseigné,1_un peu,1_un peu,4_énormément,4_énormément,4_énormément,Non renseigné,0_pas_du_tout,Non renseigné,NA
84,53,femme,164.59426254440467,Non renseigné,1_un peu,3_beaucoup,4_énormément,3_beaucoup,4_énormément,4_énormément,3_beaucoup,1_un peu,NA
85,NA,homme,166.81203433715456,Oui,3_beaucoup,3_beaucoup,1_un peu,Non renseigné,4_énormément,4_énormément,1_un peu,0_pas_du_tout,NA
86,35,femme,163.40743659723952,Non,3_beaucoup,2_moyennement,0_pas_du_tout,0_pas_du_tout,2_moyennement,4_énormément,3_beaucoup,2_moyennement,NA
87,16,non binaire,163.22657752791923,Non renseigné,4_énormément,0_pas_du_tout,0_pas_du_tout,3_beaucoup,3_beaucoup,2_moyennement,Non renseigné,3_beaucoup,NA
88,25,homme,163.0244739939427,Oui,0_pas_du_tout,0_pas_du_tout,Non renseigné,4_énormément,4_énormément,3_beaucoup,Non renseigné,Non renseigné,NA
89,76,femme,171.91218470800575,Non renseigné,2_moyennement,0_pas_du_tout,3_beaucoup,2_moyennement,Non renseigné,Non renseigné,4_énormément,0_pas_du_tout,NA
90,NA,homme,175.4137648968803,Non renseigné,2_moyennement,2_moyennement,Non renseigné,3_beaucoup,Non renseigné,2_moyennement,1_un peu,4_énormément,NA
91,54,femme,161.06705957017715,Non renseigné,1_un peu,1_un peu,3_beaucoup,4_énormément,0_pas_du_tout,0_pas_du_tout,4_énormément,Non renseigné,NA
92,28,non binaire,NA,Non renseigné,4_énormément,4_énormément,1_un peu,0_pas_du_tout,0_pas_du_tout,0_pas_du_tout,1_un peu,1_un peu,NA
93,14,homme,150.79727381311827,Oui,3_beaucoup,4_énormément,2_moyennement,4_énormément,2_moyennement,3_beaucoup,2_moyennement,Non renseigné,NA
94,35,homme,162.85764545435302,Non renseigné,1_un peu,0_pas_du_tout,3_beaucoup,0_pas_du_tout,4_énormément,3_beaucoup,0_pas_du_tout,Non renseigné,"Les meilleurs parfums ne sont pas cités: stracciatella, passion, noisette..."
95,64,homme,169.58957193989477,Non,2_moyennement,3_beaucoup,1_un peu,0_pas_du_tout,0_pas_du_tout,1_un peu,4_énormément,Non renseigné,NA
96,NA,NA,167.18359724066963,Non renseigné,3_beaucoup,0_pas_du_tout,0_pas_du_tout,3_beaucoup,1_un peu,3_beaucoup,0_pas_du_tout,2_moyennement,NA
97,47,femme,NA,Non renseigné,0_pas_du_tout,3_beaucoup,1_un peu,1_un peu,1_un peu,3_beaucoup,0_pas_du_tout,Non renseigné,J'essaie de trouver des Nutriscore pas trop nases mais en glaces c'est la galère.
98,6,homme,110.81336332136839,Oui,1_un peu,1_un peu,1_un peu,3_beaucoup,2_moyennement,4_énormément,0_pas_du_tout,1_un peu,NA
99,20,non binaire,NA,Non renseigné,3_beaucoup,2_moyennement,NA,4_énormément,3_beaucoup,3_beaucoup,1_un peu,0_pas_du_tout,NA
100,9,non binaire,NA,Oui,1_un peu,0_pas_du_tout,0_pas_du_tout,2_moyennement,Non renseigné,2_moyennement,0_pas_du_tout,Non renseigné,NA
101,60,homme,167.16934798480702,Non,0_pas_du_tout,3_beaucoup,1_un peu,Non renseigné,1_un peu,Non renseigné,2_moyennement,Non renseigné,NA
102,79,non binaire,NA,Oui,4_énormément,2_moyennement,1_un peu,3_beaucoup,2_moyennement,4_énormément,4_énormément,0_pas_du_tout,NA
103,NA,homme,171.44602009319155,Non,2_moyennement,3_beaucoup,3_beaucoup,1_un peu,2_moyennement,Non renseigné,0_pas_du_tout,Non renseigné,NA
104,57,femme,166.58772609563093,Non,2_moyennement,1_un peu,0_pas_du_tout,0_pas_du_tout,0_pas_du_tout,3_beaucoup,2_moyennement,Non renseigné,NA
105,33,homme,175.99055546494287,Non,2_moyennement,0_pas_du_tout,3_beaucoup,Non renseigné,0_pas_du_tout,3_beaucoup,2_moyennement,Non renseigné,"Je ne sais pas si je vais pouvoir répondre à toutes les questions, je suis un peu fatigué aujourd'hui."
106,NA,femme,170.7606992966285,Non renseigné,3_beaucoup,1_un peu,3_beaucoup,1_un peu,2_moyennement,0_pas_du_tout,0_pas_du_tout,2_moyennement,NA
107,6,non binaire,109.79531248190708,Non renseigné,4_énormément,0_pas_du_tout,0_pas_du_tout,0_pas_du_tout,Non renseigné,4_énormément,0_pas_du_tout,Non renseigné,NA
108,45,femme,164.45026105713205,Non renseigné,Non renseigné,4_énormément,1_un peu,3_beaucoup,4_énormément,2_moyennement,Non renseigné,Non renseigné,NA
109,53,femme,166.70426178507998,Non renseigné,2_moyennement,4_énormément,4_énormément,0_pas_du_tout,4_énormément,Non renseigné,3_beaucoup,4_énormément,NA
110,64,homme,169.52502021967393,Non renseigné,4_énormément,0_pas_du_tout,1_un peu,0_pas_du_tout,Non renseigné,1_un peu,4_énormément,0_pas_du_tout,NA
111,72,femme,163.94235820297703,Non renseigné,Non renseigné,0_pas_du_tout,0_pas_du_tout,1_un peu,3_beaucoup,1_un peu,4_énormément,4_énormément,NA
112,69,femme,157.5267688381601,Non renseigné,3_beaucoup,3_beaucoup,2_moyennement,2_moyennement,0_pas_du_tout,Non renseigné,3_beaucoup,Non renseigné,NA
113,48,homme,167.89953313393417,Non,1_un peu,1_un peu,0_pas_du_tout,Non renseigné,Non renseigné,1_un peu,2_moyennement,0_pas_du_tout,NA
114,9,NA,123.0052106926835,Oui,2_moyennement,1_un peu,3_beaucoup,3_beaucoup,2_moyennement,2_moyennement,0_pas_du_tout,4_énormément,NA
115,42,femme,158.6006270075221,Non renseigné,4_énormément,4_énormément,3_beaucoup,1_un peu,4_énormément,3_beaucoup,Non renseigné,1_un peu,NA
116,68,femme,161.0434299285032,Non,3_beaucoup,1_un peu,0_pas_du_tout,0_pas_du_tout,2_moyennement,0_pas_du_tout,0_pas_du_tout,2_moyennement,NA
117,31,femme,172.2835729067565,Non,1_un peu,3_beaucoup,Non renseigné,0_pas_du_tout,Non renseigné,3_beaucoup,2_moyennement,Non renseigné,NA
118,25,femme,NA,Non,3_beaucoup,0_pas_du_tout,0_pas_du_tout,3_beaucoup,2_moyennement,1_un peu,2_moyennement,Non renseigné,NA
119,29,homme,166.5837954319763,Non,2_moyennement,Non renseigné,1_un peu,0_pas_du_tout,2_moyennement,3_beaucoup,2_moyennement,Non renseigné,NA
120,NA,NA,171.25583286618263,Non renseigné,2_moyennement,0_pas_du_tout,4_énormément,1_un peu,Non renseigné,Non renseigné,1_un peu,3_beaucoup,NA
121,15,femme,155.1647494782132,Non,4_énormément,4_énormément,1_un peu,3_beaucoup,4_énormément,1_un peu,4_énormément,2_moyennement,NA
122,74,femme,168.78340645872356,Oui,2_moyennement,0_pas_du_tout,2_moyennement,Non renseigné,4_énormément,3_beaucoup,Non renseigné,Non renseigné,NA
123,73,homme,170.8489401445082,Oui,3_beaucoup,1_un peu,Non renseigné,0_pas_du_tout,4_énormément,2_moyennement,Non renseigné,Non renseigné,NA
124,36,femme,164.9472099849772,Non,2_moyennement,Non renseigné,2_moyennement,Non renseigné,3_beaucoup,Non renseigné,1_un peu,Non renseigné,NA
125,33,homme,NA,Non renseigné,4_énormément,3_beaucoup,3_beaucoup,4_énormément,4_énormément,4_énormément,Non renseigné,4_énormément,NA
126,NA,homme,151.29792336832418,Non,1_un peu,4_énormément,2_moyennement,0_pas_du_tout,3_beaucoup,Non renseigné,Non renseigné,Non renseigné,NA
127,79,femme,157.43681453671087,Oui,Non renseigné,1_un peu,1_un peu,1_un peu,3_beaucoup,1_un peu,4_énormément,Non renseigné,NA
128,46,femme,171.09479492045446,Non,4_énormément,4_énormément,3_beaucoup,4_énormément,1_un peu,Non renseigné,0_pas_du_tout,Non renseigné,NA
129,12,NA,NA,Non renseigné,3_beaucoup,2_moyennement,1_un peu,2_moyennement,1_un peu,2_moyennement,Non renseigné,Non renseigné,NA
130,41,homme,178.69741368454763,Non,1_un peu,0_pas_du_tout,0_pas_du_tout,2_moyennement,3_beaucoup,4_énormément,1_un peu,Non renseigné,NA
131,22,homme,174.50914261452914,Non,1_un peu,0_pas_du_tout,3_beaucoup,3_beaucoup,1_un peu,4_énormément,0_pas_du_tout,Non renseigné,NA
132,70,homme,NA,Non renseigné,2_moyennement,1_un peu,3_beaucoup,3_beaucoup,3_beaucoup,0_pas_du_tout,2_moyennement,Non renseigné,NA
133,67,homme,164.9415628623407,Non,1_un peu,0_pas_du_tout,Non renseigné,1_un peu,4_énormément,3_beaucoup,3_beaucoup,3_beaucoup,NA
134,NA,homme,165.9643839870252,Oui,1_un peu,Non renseigné,3_beaucoup,0_pas_du_tout,2_moyennement,1_un peu,1_un peu,Non renseigné,NA
135,17,homme,164.9847608401024,Oui,2_moyennement,1_un peu,0_pas_du_tout,1_un peu,3_beaucoup,0_pas_du_tout,3_beaucoup,2_moyennement,NA
136,73,homme,167.865707718374,Non,4_énormément,0_pas_du_tout,3_beaucoup,2_moyennement,4_énormément,4_énormément,4_énormément,Non renseigné,NA
137,52,femme,165.51012394237006,Oui,0_pas_du_tout,2_moyennement,1_un peu,1_un peu,1_un peu,4_énormément,1_un peu,Non renseigné,NA
138,NA,homme,164.99725048150273,Oui,2_moyennement,2_moyennement,0_pas_du_tout,3_beaucoup,1_un peu,4_énormément,4_énormément,0_pas_du_tout,NA
139,33,femme,158.19253577808212,Non,3_beaucoup,2_moyennement,3_beaucoup,0_pas_du_tout,1_un peu,Non renseigné,3_beaucoup,Non renseigné,NA
140,76,femme,NA,Non renseigné,4_énormément,3_beaucoup,4_énormément,0_pas_du_tout,2_moyennement,4_énormément,4_énormément,4_énormément,NA
141,NA,NA,169.560402726302,Non,4_énormément,2_moyennement,4_énormément,0_pas_du_tout,3_beaucoup,2_moyennement,0_pas_du_tout,Non renseigné,NA
142,59,non binaire,NA,Non renseigné,1_un peu,1_un peu,4_énormément,Non renseigné,Non renseigné,4_énormément,2_moyennement,Non renseigné,NA
143,72,femme,NA,Non,3_beaucoup,4_énormément,1_un peu,0_pas_du_tout,0_pas_du_tout,3_beaucoup,3_beaucoup,3_beaucoup,NA
144,64,femme,170.48691414416848,Non,4_énormément,1_un peu,3_beaucoup,4_énormément,1_un peu,4_énormément,2_moyennement,Non renseigné,NA
145,50,homme,173.01107491915127,Oui,0_pas_du_tout,4_énormément,0_pas_du_tout,0_pas_du_tout,3_beaucoup,1_un peu,0_pas_du_tout,Non renseigné,NA
146,77,homme,168.30148446121223,Non renseigné,4_énormément,3_beaucoup,1_un peu,3_beaucoup,1_un peu,4_énormément,4_énormément,Non renseigné,NA
147,27,femme,169.3982888527094,Non renseigné,4_énormément,1_un peu,1_un peu,1_un peu,4_énormément,4_énormément,Non renseigné,Non renseigné,NA
148,62,femme,166.24076260803395,Non renseigné,2_moyennement,4_énormément,2_moyennement,1_un peu,Non renseigné,3_beaucoup,3_beaucoup,Non renseigné,NA
149,40,femme,159.20569225351593,Non,4_énormément,4_énormément,3_beaucoup,Non renseigné,4_énormément,2_moyennement,1_un peu,Non renseigné,NA
150,39,femme,165.16920035217265,Non,3_beaucoup,3_beaucoup,1_un peu,2_moyennement,3_beaucoup,4_énormément,3_beaucoup,4_énormément,NA
151,51,homme,172.56780589710053,Non renseigné,0_pas_du_tout,0_pas_du_tout,2_moyennement,0_pas_du_tout,Non renseigné,2_moyennement,Non renseigné,Non renseigné,NA
152,40,femme,169.14518728206468,Oui,Non renseigné,3_beaucoup,3_beaucoup,0_pas_du_tout,1_un peu,4_énormément,1_un peu,Non renseigné,NA
153,35,femme,163.4169226238933,Non renseigné,4_énormément,4_énormément,3_beaucoup,0_pas_du_tout,Non renseigné,4_énormément,0_pas_du_tout,1_un peu,NA
154,30,femme,165.3887806628544,Non,2_moyennement,1_un peu,3_beaucoup,0_pas_du_tout,2_moyennement,0_pas_du_tout,0_pas_du_tout,Non renseigné,NA
155,10,femme,131.2504720643234,Non,3_beaucoup,Non renseigné,Non renseigné,3_beaucoup,3_beaucoup,Non renseigné,3_beaucoup,0_pas_du_tout,NA
156,76,femme,156.9650572697982,Oui,1_un peu,2_moyennement,2_moyennement,1_un peu,1_un peu,Non renseigné,2_moyennement,Non renseigné,NA
157,61,non binaire,NA,Non renseigné,3_beaucoup,2_moyennement,4_énormément,Non renseigné,3_beaucoup,0_pas_du_tout,3_beaucoup,1_un peu,NA
158,73,femme,158.11382511035345,Non,2_moyennement,Non renseigné,0_pas_du_tout,0_pas_du_tout,Non renseigné,0_pas_du_tout,2_moyennement,Non renseigné,NA
159,56,homme,167.84376541625898,Non renseigné,2_moyennement,Non renseigné,4_énormément,1_un peu,2_moyennement,4_énormément,Non renseigné,Non renseigné,NA
160,43,femme,170.12219603397477,Non renseigné,2_moyennement,2_moyennement,1_un peu,2_moyennement,Non renseigné,1_un peu,3_beaucoup,1_un peu,NA
161,74,homme,166.89858758749668,Non,0_pas_du_tout,4_énormément,3_beaucoup,3_beaucoup,3_beaucoup,0_pas_du_tout,0_pas_du_tout,3_beaucoup,NA
162,14,femme,147.89163164530584,Non renseigné,1_un peu,0_pas_du_tout,3_beaucoup,Non renseigné,4_énormément,2_moyennement,0_pas_du_tout,2_moyennement,NA
163,43,femme,159.09163666382545,Non renseigné,1_un peu,3_beaucoup,1_un peu,3_beaucoup,Non renseigné,Non renseigné,0_pas_du_tout,0_pas_du_tout,NA
164,66,femme,156.56183205062547,Non renseigné,1_un peu,3_beaucoup,0_pas_du_tout,1_un peu,Non renseigné,3_beaucoup,Non renseigné,Non renseigné,NA
165,34,homme,177.07125592649484,Oui,2_moyennement,1_un peu,1_un peu,Non renseigné,3_beaucoup,2_moyennement,Non renseigné,2_moyennement,NA
166,32,NA,179.01666673761534,Oui,1_un peu,1_un peu,3_beaucoup,0_pas_du_tout,Non renseigné,4_énormément,2_moyennement,Non renseigné,NA
167,63,homme,175.82728989138607,Oui,0_pas_du_tout,4_énormément,3_beaucoup,2_moyennement,Non renseigné,2_moyennement,4_énormément,Non renseigné,NA
168,38,homme,164.5756251244696,Oui,2_moyennement,1_un peu,Non renseigné,0_pas_du_tout,3_beaucoup,Non renseigné,1_un peu,2_moyennement,NA
169,29,homme,169.0107278268287,Non renseigné,4_énormément,2_moyennement,1_un peu,2_moyennement,2_moyennement,1_un peu,4_énormément,Non renseigné,NA
170,19,non binaire,NA,Oui,1_un peu,2_moyennement,1_un peu,2_moyennement,Non renseigné,2_moyennement,0_pas_du_tout,3_beaucoup,NA
171,23,homme,172.7340709461524,Oui,1_un peu,0_pas_du_tout,1_un peu,0_pas_du_tout,4_énormément,1_un peu,Non renseigné,Non renseigné,NA
172,47,non binaire,NA,Non renseigné,4_énormément,0_pas_du_tout,0_pas_du_tout,0_pas_du_tout,3_beaucoup,4_énormément,0_pas_du_tout,0_pas_du_tout,NA
173,14,femme,148.481306832581,Non,0_pas_du_tout,0_pas_du_tout,0_pas_du_tout,0_pas_du_tout,3_beaucoup,Non renseigné,0_pas_du_tout,4_énormément,NA
174,48,femme,163.63061854724546,Non renseigné,2_moyennement,2_moyennement,4_énormément,2_moyennement,2_moyennement,1_un peu,0_pas_du_tout,Non renseigné,NA
175,70,femme,158.55613436933078,Non,0_pas_du_tout,2_moyennement,2_moyennement,2_moyennement,3_beaucoup,2_moyennement,2_moyennement,Non renseigné,NA
176,73,homme,161.2490197835023,Non renseigné,0_pas_du_tout,3_beaucoup,0_pas_du_tout,0_pas_du_tout,3_beaucoup,Non renseigné,3_beaucoup,4_énormément,NA
177,8,femme,120.37494996751478,Non,Non renseigné,4_énormément,0_pas_du_tout,3_beaucoup,2_moyennement,3_beaucoup,1_un peu,Non renseigné,NA
178,38,femme,156.97498167266923,Non renseigné,1_un peu,3_beaucoup,1_un peu,3_beaucoup,4_énormément,3_beaucoup,0_pas_du_tout,Non renseigné,NA
179,34,femme,166.75545672677157,Non renseigné,2_moyennement,1_un peu,1_un peu,0_pas_du_tout,2_moyennement,Non renseigné,1_un peu,Non renseigné,NA
180,35,non binaire,NA,Non renseigné,4_énormément,Non renseigné,Non renseigné,4_énormément,Non renseigné,4_énormément,Non renseigné,0_pas_du_tout,NA
181,79,femme,168.42729194739235,Non renseigné,0_pas_du_tout,0_pas_du_tout,3_beaucoup,0_pas_du_tout,4_énormément,4_énormément,2_moyennement,Non renseigné,NA
182,52,non binaire,NA,Oui,1_un peu,3_beaucoup,4_énormément,0_pas_du_tout,2_moyennement,2_moyennement,1_un peu,Non renseigné,NA
183,66,homme,168.99641481345145,Non,2_moyennement,Non renseigné,4_énormément,1_un peu,4_énormément,3_beaucoup,4_énormément,Non renseigné,NA
184,14,femme,150.37746550567238,Non renseigné,1_un peu,1_un peu,Non renseigné,0_pas_du_tout,3_beaucoup,4_énormément,3_beaucoup,3_beaucoup,NA
185,54,femme,159.24151127034384,Oui,4_énormément,3_beaucoup,Non renseigné,3_beaucoup,Non renseigné,1_un peu,4_énormément,Non renseigné,NA
186,46,femme,161.27411245506786,Non renseigné,Non renseigné,2_moyennement,0_pas_du_tout,2_moyennement,4_énormément,1_un peu,1_un peu,Non renseigné,NA
187,11,femme,135.66674909080308,Non renseigné,4_énormément,1_un peu,0_pas_du_tout,2_moyennement,0_pas_du_tout,1_un peu,2_moyennement,4_énormément,NA
188,24,femme,171.6216983032391,Non renseigné,3_beaucoup,0_pas_du_tout,4_énormément,4_énormément,1_un peu,4_énormément,1_un peu,Non renseigné,NA
189,11,femme,133.4810199742597,Non,4_énormément,3_beaucoup,2_moyennement,1_un peu,1_un peu,0_pas_du_tout,4_énormément,4_énormément,NA
190,65,femme,NA,Non renseigné,3_beaucoup,1_un peu,Non renseigné,1_un peu,4_énormément,0_pas_du_tout,2_moyennement,2_moyennement,NA
191,62,non binaire,NA,Non renseigné,0_pas_du_tout,2_moyennement,4_énormément,2_moyennement,4_énormément,1_un peu,3_beaucoup,Non renseigné,NA
192,29,homme,NA,Non renseigné,3_beaucoup,4_énormément,1_un peu,Non renseigné,2_moyennement,2_moyennement,Non renseigné,Non renseigné,NA
193,31,homme,163.51675017989578,Oui,3_beaucoup,3_beaucoup,4_énormément,1_un peu,3_beaucoup,3_beaucoup,4_énormément,1_un peu,NA
194,23,homme,NA,Non renseigné,3_beaucoup,0_pas_du_tout,3_beaucoup,3_beaucoup,1_un peu,Non renseigné,1_un peu,Non renseigné,NA
195,NA,femme,168.69042873029554,Non renseigné,4_énormément,3_beaucoup,3_beaucoup,2_moyennement,Non renseigné,Non renseigné,3_beaucoup,1_un peu,NA
196,49,NA,163.0976388459078,Non renseigné,0_pas_du_tout,1_un peu,2_moyennement,4_énormément,Non renseigné,1_un peu,4_énormément,Non renseigné,NA
197,NA,homme,110.50395245773286,Oui,3_beaucoup,0_pas_du_tout,0_pas_du_tout,3_beaucoup,Non renseigné,1_un peu,3_beaucoup,Non renseigné,NA
198,37,NA,163.31412576055763,Oui,1_un peu,0_pas_du_tout,Non renseigné,4_énormément,1_un peu,4_énormément,1_un peu,Non renseigné,NA
199,68,femme,156.98794167983695,Non renseigné,0_pas_du_tout,1_un peu,3_beaucoup,0_pas_du_tout,2_moyennement,4_énormément,4_énormément,Non renseigné,NA
200,NA,femme,161.09137737645852,Non renseigné,4_énormément,0_pas_du_tout,1_un peu,0_pas_du_tout,2_moyennement,0_pas_du_tout,1_un peu,Non renseigné,NA
201,36,femme,161.67349500882767,Non renseigné,0_pas_du_tout,2_moyennement,1_un peu,2_moyennement,3_beaucoup,4_énormément,Non renseigné,Non renseigné,NA
202,24,femme,171.9129323245288,Non renseigné,3_beaucoup,0_pas_du_tout,1_un peu,2_moyennement,4_énormément,4_énormément,2_moyennement,2_moyennement,NA
203,75,femme,168.38600880737997,Non,0_pas_du_tout,2_moyennement,3_beaucoup,0_pas_du_tout,Non renseigné,1_un peu,4_énormément,Non renseigné,NA
204,33,NA,177.6516001360999,Oui,1_un peu,4_énormément,1_un peu,Non renseigné,4_énormément,4_énormément,Non renseigné,1_un peu,NA
205,65,femme,164.38280433854158,Non,4_énormément,2_moyennement,0_pas_du_tout,0_pas_du_tout,3_beaucoup,4_énormément,Non renseigné,Non renseigné,NA
206,NA,homme,NA,Oui,2_moyennement,4_énormément,1_un peu,1_un peu,4_énormément,0_pas_du_tout,4_énormément,Non renseigné,NA
207,34,femme,172.59606128940206,Non,3_beaucoup,1_un peu,Non renseigné,0_pas_du_tout,4_énormément,0_pas_du_tout,1_un peu,3_beaucoup,NA
208,39,homme,155.04714985372803,Oui,0_pas_du_tout,4_énormément,4_énormément,3_beaucoup,4_énormément,4_énormément,0_pas_du_tout,4_énormément,NA
209,20,homme,159.91709013451603,Non,0_pas_du_tout,2_moyennement,NA,3_beaucoup,Non renseigné,2_moyennement,1_un peu,Non renseigné,NA
210,14,homme,150.5457078171835,Oui,2_moyennement,1_un peu,3_beaucoup,3_beaucoup,4_énormément,3_beaucoup,3_beaucoup,Non renseigné,NA
211,44,femme,167.19763187105337,Non renseigné,3_beaucoup,1_un peu,3_beaucoup,0_pas_du_tout,0_pas_du_tout,Non renseigné,4_énormément,Non renseigné,NA
212,70,femme,NA,Non,Non renseigné,1_un peu,Non renseigné,1_un peu,Non renseigné,Non renseigné,Non renseigné,Non renseigné,NA
213,40,NA,167.1141243103427,Non renseigné,0_pas_du_tout,4_énormément,Non renseigné,3_beaucoup,4_énormément,4_énormément,3_beaucoup,4_énormément,NA
214,NA,femme,164.40443082233324,Non renseigné,4_énormément,Non renseigné,1_un peu,3_beaucoup,0_pas_du_tout,0_pas_du_tout,Non renseigné,Non renseigné,NA
215,28,femme,162.48396684743395,Non renseigné,2_moyennement,3_beaucoup,1_un peu,0_pas_du_tout,Non renseigné,1_un peu,Non renseigné,1_un peu,NA
216,10,femme,NA,Non renseigné,Non renseigné,4_énormément,3_beaucoup,2_moyennement,Non renseigné,4_énormément,0_pas_du_tout,1_un peu,NA
217,70,homme,168.36349009811642,Non,0_pas_du_tout,2_moyennement,1_un peu,2_moyennement,4_énormément,3_beaucoup,1_un peu,Non renseigné,NA
218,66,non binaire,NA,Non renseigné,1_un peu,0_pas_du_tout,1_un peu,2_moyennement,3_beaucoup,4_énormément,2_moyennement,Non renseigné,NA
219,10,femme,130.8207170172034,Non renseigné,0_pas_du_tout,2_moyennement,0_pas_du_tout,1_un peu,2_moyennement,2_moyennement,1_un peu,0_pas_du_tout,NA
220,62,femme,174.85034686040282,Non,0_pas_du_tout,3_beaucoup,Non renseigné,0_pas_du_tout,4_énormément,4_énormément,4_énormément,1_un peu,NA
221,34,femme,160.81961089194616,Non,0_pas_du_tout,1_un peu,2_moyennement,3_beaucoup,1_un peu,Non renseigné,0_pas_du_tout,3_beaucoup,NA
222,33,non binaire,NA,Non renseigné,4_énormément,Non renseigné,2_moyennement,0_pas_du_tout,3_beaucoup,4_énormément,0_pas_du_tout,Non renseigné,NA
223,8,femme,122.41486216124336,Non renseigné,2_moyennement,2_moyennement,1_un peu,0_pas_du_tout,2_moyennement,3_beaucoup,0_pas_du_tout,Non renseigné,NA
224,6,femme,109.58844924227701,Non,1_un peu,4_énormément,1_un peu,0_pas_du_tout,1_un peu,2_moyennement,4_énormément,Non renseigné,NA
225,14,homme,148.84926785440473,Oui,1_un peu,0_pas_du_tout,1_un peu,1_un peu,Non renseigné,4_énormément,2_moyennement,Non renseigné,NA
226,18,homme,168.62911256880344,Oui,2_moyennement,3_beaucoup,1_un peu,3_beaucoup,1_un peu,Non renseigné,Non renseigné,0_pas_du_tout,NA
227,NA,non binaire,NA,Oui,4_énormément,0_pas_du_tout,Non renseigné,1_un peu,0_pas_du_tout,3_beaucoup,0_pas_du_tout,2_moyennement,NA
228,17,NA,165.18413193595887,Oui,1_un peu,2_moyennement,1_un peu,2_moyennement,4_énormément,Non renseigné,Non renseigné,Non renseigné,NA
229,71,homme,NA,Oui,0_pas_du_tout,Non renseigné,1_un peu,3_beaucoup,Non renseigné,Non renseigné,1_un peu,Non renseigné,NA
230,15,femme,153.1329019859319,Non renseigné,2_moyennement,4_énormément,1_un peu,1_un peu,0_pas_du_tout,Non renseigné,2_moyennement,Non renseigné,NA
231,49,homme,167.5162127476755,Oui,1_un peu,Non renseigné,1_un peu,0_pas_du_tout,Non renseigné,4_énormément,0_pas_du_tout,0_pas_du_tout,NA
232,55,homme,171.40334824401344,Non renseigné,4_énormément,1_un peu,1_un peu,Non renseigné,0_pas_du_tout,2_moyennement,0_pas_du_tout,0_pas_du_tout,NA
233,61,femme,168.6481321089619,Non,1_un peu,0_pas_du_tout,1_un peu,2_moyennement,Non renseigné,Non renseigné,1_un peu,Non renseigné,NA
234,NA,femme,163.21970073552217,Non,1_un peu,Non renseigné,2_moyennement,Non renseigné,3_beaucoup,3_beaucoup,2_moyennement,2_moyennement,NA
235,64,femme,NA,Non renseigné,4_énormément,1_un peu,1_un peu,0_pas_du_tout,4_énormément,4_énormément,3_beaucoup,Non renseigné,NA
236,NA,homme,168.94418066038796,Non,3_beaucoup,1_un peu,2_moyennement,0_pas_du_tout,4_énormément,3_beaucoup,3_beaucoup,Non renseigné,NA
237,31,homme,175.84294486799985,Oui,0_pas_du_tout,0_pas_du_tout,1_un peu,0_pas_du_tout,4_énormément,2_moyennement,3_beaucoup,Non renseigné,NA
238,29,homme,168.76564358320482,Non renseigné,4_énormément,2_moyennement,3_beaucoup,0_pas_du_tout,1_un peu,4_énormément,Non renseigné,Non renseigné,NA
239,80,homme,168.53564478778517,Oui,1_un peu,0_pas_du_tout,Non renseigné,0_pas_du_tout,1_un peu,3_beaucoup,1_un peu,3_beaucoup,NA
240,34,femme,170.68077408850655,Non renseigné,3_beaucoup,0_pas_du_tout,4_énormément,2_moyennement,1_un peu,1_un peu,Non renseigné,1_un peu,NA
241,64,homme,174.85271728308294,Oui,0_pas_du_tout,3_beaucoup,2_moyennement,3_beaucoup,4_énormément,4_énormément,2_moyennement,Non renseigné,NA
242,58,femme,169.09463679507326,Non renseigné,4_énormément,2_moyennement,4_énormément,4_énormément,4_énormément,3_beaucoup,1_un peu,Non renseigné,NA
243,35,NA,167.90434454541372,Non renseigné,1_un peu,Non renseigné,1_un peu,0_pas_du_tout,4_énormément,Non renseigné,4_énormément,Non renseigné,NA
244,30,femme,163.17864639408504,Oui,1_un peu,Non renseigné,Non renseigné,0_pas_du_tout,0_pas_du_tout,0_pas_du_tout,4_énormément,4_énormément,NA
245,55,femme,177.14929410762784,Non,0_pas_du_tout,1_un peu,3_beaucoup,0_pas_du_tout,2_moyennement,3_beaucoup,3_beaucoup,Non renseigné,NA
246,33,femme,NA,Non renseigné,3_beaucoup,1_un peu,2_moyennement,0_pas_du_tout,3_beaucoup,Non renseigné,3_beaucoup,Non renseigné,NA
247,37,femme,164.0082435270892,Non renseigné,3_beaucoup,Non renseigné,2_moyennement,0_pas_du_tout,1_un peu,4_énormément,1_un peu,Non renseigné,NA
248,62,homme,173.44984503395622,Non renseigné,2_moyennement,0_pas_du_tout,1_un peu,1_un peu,4_énormément,3_beaucoup,3_beaucoup,Non renseigné,NA
249,18,femme,171.97732439109777,Oui,1_un peu,3_beaucoup,0_pas_du_tout,Non renseigné,2_moyennement,Non renseigné,2_moyennement,0_pas_du_tout,NA
250,29,homme,171.58849477774208,Oui,3_beaucoup,0_pas_du_tout,1_un peu,2_moyennement,1_un peu,3_beaucoup,4_énormément,Non renseigné,NA
251,22,non binaire,NA,Non,2_moyennement,3_beaucoup,1_un peu,0_pas_du_tout,1_un peu,3_beaucoup,Non renseigné,0_pas_du_tout,NA
252,48,femme,172.7538226132466,Non,3_beaucoup,3_beaucoup,4_énormément,1_un peu,2_moyennement,3_beaucoup,1_un peu,3_beaucoup,NA
253,49,femme,158.07404754080056,Oui,0_pas_du_tout,3_beaucoup,Non renseigné,0_pas_du_tout,Non renseigné,Non renseigné,0_pas_du_tout,3_beaucoup,NA
254,79,femme,NA,Oui,1_un peu,0_pas_du_tout,3_beaucoup,2_moyennement,4_énormément,Non renseigné,4_énormément,Non renseigné,NA
255,32,femme,162.36598803435882,Non renseigné,0_pas_du_tout,0_pas_du_tout,1_un peu,4_énormément,3_beaucoup,4_énormément,0_pas_du_tout,Non renseigné,NA
256,NA,homme,150.748993303431,Non renseigné,2_moyennement,3_beaucoup,0_pas_du_tout,2_moyennement,3_beaucoup,3_beaucoup,2_moyennement,Non renseigné,NA
257,24,homme,174.00843741849917,Oui,0_pas_du_tout,Non renseigné,Non renseigné,Non renseigné,Non renseigné,4_énormément,1_un peu,4_énormément,NA
258,21,homme,162.94716823699181,Non,2_moyennement,2_moyennement,1_un peu,0_pas_du_tout,3_beaucoup,Non renseigné,2_moyennement,Non renseigné,NA
259,38,homme,173.1808416039637,Oui,1_un peu,3_beaucoup,2_moyennement,2_moyennement,Non renseigné,4_énormément,4_énormément,Non renseigné,NA
260,NA,non binaire,150.9716869981256,Oui,0_pas_du_tout,4_énormément,2_moyennement,0_pas_du_tout,4_énormément,Non renseigné,0_pas_du_tout,Non renseigné,NA
261,NA,NA,NA,Non renseigné,1_un peu,3_beaucoup,4_énormément,1_un peu,Non renseigné,Non renseigné,0_pas_du_tout,Non renseigné,NA
262,78,femme,168.242718559756,Non,0_pas_du_tout,1_un peu,1_un peu,Non renseigné,1_un peu,Non renseigné,3_beaucoup,Non renseigné,NA
263,NA,homme,169.89243485536832,Oui,3_beaucoup,0_pas_du_tout,2_moyennement,1_un peu,3_beaucoup,Non renseigné,1_un peu,2_moyennement,NA
264,49,homme,162.1589652232435,Oui,0_pas_du_tout,4_énormément,3_beaucoup,3_beaucoup,Non renseigné,2_moyennement,0_pas_du_tout,4_énormément,NA
265,21,femme,167.04678901929418,Non renseigné,Non renseigné,2_moyennement,0_pas_du_tout,4_énormément,Non renseigné,4_énormément,0_pas_du_tout,4_énormément,NA
266,52,non binaire,NA,Non,4_énormément,2_moyennement,0_pas_du_tout,1_un peu,1_un peu,3_beaucoup,1_un peu,Non renseigné,NA
267,48,NA,163.1538834720965,Non renseigné,3_beaucoup,4_énormément,2_moyennement,0_pas_du_tout,Non renseigné,1_un peu,Non renseigné,0_pas_du_tout,NA
268,48,femme,169.33969811203278,Non,3_beaucoup,2_moyennement,1_un peu,2_moyennement,2_moyennement,3_beaucoup,1_un peu,4_énormément,NA
269,66,homme,170.48813071731448,Oui,3_beaucoup,1_un peu,2_moyennement,0_pas_du_tout,Non renseigné,0_pas_du_tout,3_beaucoup,Non renseigné,NA
270,64,femme,166.5663891960998,Non renseigné,3_beaucoup,0_pas_du_tout,4_énormément,1_un peu,4_énormément,Non renseigné,4_énormément,Non renseigné,NA
271,35,femme,158.68241879299592,Oui,1_un peu,Non renseigné,4_énormément,4_énormément,1_un peu,0_pas_du_tout,1_un peu,3_beaucoup,NA
272,3,femme,95.09711779042784,Non,1_un peu,4_énormément,2_moyennement,2_moyennement,3_beaucoup,3_beaucoup,4_énormément,0_pas_du_tout,NA
273,58,homme,176.78312761739602,Oui,0_pas_du_tout,Non renseigné,1_un peu,1_un peu,1_un peu,Non renseigné,1_un peu,1_un peu,NA
274,60,femme,161.77447734837187,Oui,0_pas_du_tout,1_un peu,3_beaucoup,0_pas_du_tout,3_beaucoup,1_un peu,2_moyennement,Non renseigné,NA
275,21,homme,179.75651741214338,Non,3_beaucoup,Non renseigné,Non renseigné,1_un peu,4_énormément,0_pas_du_tout,1_un peu,3_beaucoup,NA
276,69,femme,167.74465442371238,Non,1_un peu,4_énormément,0_pas_du_tout,0_pas_du_tout,3_beaucoup,Non renseigné,Non renseigné,Non renseigné,NA
277,7,femme,113.66399627961924,Non,0_pas_du_tout,3_beaucoup,Non renseigné,4_énormément,4_énormément,Non renseigné,Non renseigné,4_énormément,NA
278,45,femme,167.41989202156054,Non renseigné,3_beaucoup,1_un peu,2_moyennement,1_un peu,3_beaucoup,2_moyennement,Non renseigné,1_un peu,NA
279,76,non binaire,NA,Non renseigné,2_moyennement,3_beaucoup,4_énormément,0_pas_du_tout,2_moyennement,1_un peu,4_énormément,2_moyennement,NA
280,49,femme,169.14746110273492,Non,3_beaucoup,3_beaucoup,1_un peu,Non renseigné,4_énormément,2_moyennement,4_énormément,3_beaucoup,NA
281,NA,femme,NA,Non renseigné,Non renseigné,3_beaucoup,4_énormément,Non renseigné,0_pas_du_tout,2_moyennement,0_pas_du_tout,Non renseigné,NA
282,60,femme,NA,Non,3_beaucoup,3_beaucoup,Non renseigné,0_pas_du_tout,3_beaucoup,3_beaucoup,2_moyennement,1_un peu,NA
283,54,femme,163.9501412550945,Oui,4_énormément,1_un peu,1_un peu,3_beaucoup,2_moyennement,2_moyennement,0_pas_du_tout,Non renseigné,NA
284,28,femme,161.69373181942453,Non,4_énormément,2_moyennement,3_beaucoup,0_pas_du_tout,2_moyennement,3_beaucoup,Non renseigné,Non renseigné,NA
285,45,femme,165.98087542963412,Oui,3_beaucoup,4_énormément,1_un peu,3_beaucoup,4_énormément,4_énormément,0_pas_du_tout,Non renseigné,NA
286,8,homme,120.77236451897008,Non renseigné,2_moyennement,Non renseigné,0_pas_du_tout,0_pas_du_tout,Non renseigné,4_énormément,3_beaucoup,0_pas_du_tout,NA
287,67,femme,160.32284446104663,Non renseigné,4_énormément,0_pas_du_tout,0_pas_du_tout,0_pas_du_tout,1_un peu,0_pas_du_tout,3_beaucoup,Non renseigné,NA
288,47,femme,155.94796679138776,Non,0_pas_du_tout,0_pas_du_tout,1_un peu,0_pas_du_tout,1_un peu,3_beaucoup,0_pas_du_tout,3_beaucoup,NA
289,39,non binaire,NA,Non renseigné,3_beaucoup,Non renseigné,3_beaucoup,1_un peu,4_énormément,2_moyennement,1_un peu,1_un peu,NA
290,72,homme,167.40679119953305,Non renseigné,4_énormément,1_un peu,2_moyennement,0_pas_du_tout,4_énormément,1_un peu,Non renseigné,Non renseigné,NA
291,6,femme,NA,Non,4_énormément,2_moyennement,Non renseigné,Non renseigné,4_énormément,Non renseigné,1_un peu,Non renseigné,NA
292,11,femme,134.57903784684257,Oui,1_un peu,3_beaucoup,1_un peu,0_pas_du_tout,3_beaucoup,3_beaucoup,2_moyennement,Non renseigné,NA
293,60,homme,173.46013162892785,Oui,1_un peu,Non renseigné,2_moyennement,Non renseigné,1_un peu,2_moyennement,4_énormément,Non renseigné,NA
294,61,femme,171.06444068679068,Non renseigné,1_un peu,4_énormément,4_énormément,0_pas_du_tout,1_un peu,4_énormément,0_pas_du_tout,Non renseigné,NA
295,38,non binaire,NA,Non renseigné,1_un peu,0_pas_du_tout,0_pas_du_tout,4_énormément,3_beaucoup,1_un peu,Non renseigné,1_un peu,NA
296,45,homme,173.90564939019202,Non renseigné,0_pas_du_tout,Non renseigné,3_beaucoup,Non renseigné,2_moyennement,Non renseigné,1_un peu,3_beaucoup,NA
297,32,homme,162.7307183636666,Non renseigné,0_pas_du_tout,0_pas_du_tout,0_pas_du_tout,2_moyennement,3_beaucoup,Non renseigné,1_un peu,Non renseigné,NA
298,75,homme,155.90568392840473,Non renseigné,0_pas_du_tout,2_moyennement,3_beaucoup,3_beaucoup,4_énormément,0_pas_du_tout,2_moyennement,Non renseigné,NA
299,46,homme,173.0387024134655,Oui,3_beaucoup,0_pas_du_tout,4_énormément,2_moyennement,Non renseigné,4_énormément,Non renseigné,Non renseigné,NA
300,NA,homme,NA,Oui,2_moyennement,2_moyennement,0_pas_du_tout,2_moyennement,3_beaucoup,2_moyennement,4_énormément,0_pas_du_tout,NA
301,14,non binaire,151.24464665695817,Oui,4_énormément,3_beaucoup,0_pas_du_tout,1_un peu,Non renseigné,2_moyennement,1_un peu,0_pas_du_tout,NA
302,30,homme,168.48187640625366,Non,0_pas_du_tout,3_beaucoup,0_pas_du_tout,3_beaucoup,3_beaucoup,1_un peu,0_pas_du_tout,Non renseigné,NA
303,NA,homme,162.36703255661567,Oui,2_moyennement,2_moyennement,0_pas_du_tout,0_pas_du_tout,4_énormément,1_un peu,3_beaucoup,Non renseigné,NA
304,68,homme,167.65316467950663,Non renseigné,0_pas_du_tout,3_beaucoup,4_énormément,3_beaucoup,Non renseigné,3_beaucoup,Non renseigné,Non renseigné,NA
305,34,femme,159.42262104571233,Non renseigné,1_un peu,1_un peu,1_un peu,0_pas_du_tout,4_énormément,Non renseigné,2_moyennement,4_énormément,NA
306,73,homme,170.96693921404594,Non renseigné,Non renseigné,3_beaucoup,3_beaucoup,2_moyennement,3_beaucoup,1_un peu,2_moyennement,3_beaucoup,NA
307,32,homme,NA,Non renseigné,3_beaucoup,4_énormément,4_énormément,1_un peu,4_énormément,2_moyennement,1_un peu,0_pas_du_tout,NA
308,18,NA,170.94084225563375,Oui,3_beaucoup,1_un peu,1_un peu,2_moyennement,3_beaucoup,2_moyennement,Non renseigné,Non renseigné,NA
309,NA,homme,128.530815059563,Oui,1_un peu,2_moyennement,0_pas_du_tout,0_pas_du_tout,2_moyennement,Non renseigné,1_un peu,Non renseigné,NA
310,50,femme,155.6298677842524,Non renseigné,3_beaucoup,4_énormément,1_un peu,Non renseigné,Non renseigné,4_énormément,0_pas_du_tout,4_énormément,NA
311,73,homme,172.65868039483598,Non,3_beaucoup,2_moyennement,4_énormément,3_beaucoup,3_beaucoup,Non renseigné,Non renseigné,2_moyennement,NA
312,73,homme,179.05418411404423,Non,3_beaucoup,1_un peu,4_énormément,0_pas_du_tout,4_énormément,2_moyennement,3_beaucoup,Non renseigné,NA
313,31,non binaire,NA,Non renseigné,Non renseigné,2_moyennement,2_moyennement,0_pas_du_tout,2_moyennement,4_énormément,4_énormément,Non renseigné,NA
314,14,homme,149.25457789412246,Non renseigné,2_moyennement,2_moyennement,0_pas_du_tout,3_beaucoup,Non renseigné,3_beaucoup,1_un peu,4_énormément,NA
315,25,NA,172.3247810571588,Non,0_pas_du_tout,1_un peu,4_énormément,4_énormément,3_beaucoup,4_énormément,2_moyennement,Non renseigné,NA
316,64,homme,172.56894684107536,Non renseigné,1_un peu,1_un peu,2_moyennement,4_énormément,1_un peu,Non renseigné,1_un peu,Non renseigné,NA
317,26,homme,171.52291353365413,Oui,4_énormément,Non renseigné,4_énormément,2_moyennement,4_énormément,4_énormément,3_beaucoup,Non renseigné,NA
318,18,homme,169.32500426055466,Oui,0_pas_du_tout,0_pas_du_tout,0_pas_du_tout,3_beaucoup,2_moyennement,4_énormément,0_pas_du_tout,0_pas_du_tout,NA
319,56,NA,NA,Non,2_moyennement,0_pas_du_tout,3_beaucoup,0_pas_du_tout,1_un peu,Non renseigné,3_beaucoup,4_énormément,NA
320,68,femme,173.80453866487883,Non,1_un peu,4_énormément,1_un peu,3_beaucoup,4_énormément,4_énormément,Non renseigné,Non renseigné,NA
321,7,femme,113.576677293081,Oui,4_énormément,4_énormément,1_un peu,3_beaucoup,Non renseigné,1_un peu,0_pas_du_tout,Non renseigné,NA
322,34,homme,164.23674471282845,Non renseigné,2_moyennement,3_beaucoup,2_moyennement,2_moyennement,4_énormément,1_un peu,0_pas_du_tout,4_énormément,NA
323,NA,femme,161.6547829343261,Non renseigné,1_un peu,3_beaucoup,3_beaucoup,3_beaucoup,1_un peu,2_moyennement,1_un peu,Non renseigné,NA
324,6,non binaire,111.32879821124881,Non renseigné,0_pas_du_tout,3_beaucoup,1_un peu,2_moyennement,2_moyennement,1_un peu,4_énormément,Non renseigné,NA
325,40,NA,183.3546794779936,Non renseigné,3_beaucoup,0_pas_du_tout,0_pas_du_tout,1_un peu,0_pas_du_tout,Non renseigné,3_beaucoup,0_pas_du_tout,NA
326,54,non binaire,NA,Oui,1_un peu,0_pas_du_tout,3_beaucoup,0_pas_du_tout,1_un peu,1_un peu,2_moyennement,Non renseigné,NA
327,19,NA,171.23094994794505,Oui,Non renseigné,Non renseigné,0_pas_du_tout,4_énormément,4_énormément,1_un peu,1_un peu,4_énormément,NA
328,78,homme,175.48538047094422,Non,1_un peu,3_beaucoup,2_moyennement,4_énormément,0_pas_du_tout,Non renseigné,Non renseigné,Non renseigné,NA
329,65,homme,171.55131700587455,Oui,1_un peu,4_énormément,4_énormément,0_pas_du_tout,Non renseigné,0_pas_du_tout,3_beaucoup,Non renseigné,NA
330,6,non binaire,110.71236628765084,Oui,0_pas_du_tout,0_pas_du_tout,0_pas_du_tout,3_beaucoup,4_énormément,3_beaucoup,0_pas_du_tout,1_un peu,NA
331,43,femme,162.37422985336735,Non renseigné,1_un peu,Non renseigné,2_moyennement,0_pas_du_tout,Non renseigné,0_pas_du_tout,1_un peu,1_un peu,NA
332,35,homme,170.1929538881288,Non renseigné,3_beaucoup,4_énormément,2_moyennement,1_un peu,Non renseigné,3_beaucoup,Non renseigné,4_énormément,NA
333,65,femme,165.2177887185007,Non,Non renseigné,Non renseigné,0_pas_du_tout,Non renseigné,3_beaucoup,Non renseigné,1_un peu,3_beaucoup,NA
334,50,non binaire,NA,Oui,Non renseigné,3_beaucoup,3_beaucoup,0_pas_du_tout,Non renseigné,Non renseigné,Non renseigné,Non renseigné,NA
335,23,femme,175.304489324948,Non,4_énormément,0_pas_du_tout,1_un peu,2_moyennement,1_un peu,4_énormément,1_un peu,1_un peu,NA
336,57,femme,172.6468262529977,Non,4_énormément,3_beaucoup,Non renseigné,Non renseigné,2_moyennement,4_énormément,1_un peu,Non renseigné,NA
337,26,femme,NA,Non,1_un peu,Non renseigné,3_beaucoup,3_beaucoup,2_moyennement,1_un peu,1_un peu,Non renseigné,NA
338,66,homme,173.5098950869404,Non,Non renseigné,2_moyennement,Non renseigné,Non renseigné,4_énormément,1_un peu,3_beaucoup,1_un peu,NA
339,54,femme,164.523568240167,Non renseigné,4_énormément,2_moyennement,Non renseigné,Non renseigné,4_énormément,3_beaucoup,3_beaucoup,Non renseigné,NA
340,47,homme,168.82571849166206,Oui,4_énormément,4_énormément,Non renseigné,3_beaucoup,0_pas_du_tout,3_beaucoup,4_énormément,Non renseigné,NA
341,73,NA,169.9403657975021,Non renseigné,0_pas_du_tout,2_moyennement,0_pas_du_tout,2_moyennement,4_énormément,3_beaucoup,2_moyennement,0_pas_du_tout,NA
342,24,femme,160.82667941918154,Non,3_beaucoup,0_pas_du_tout,2_moyennement,0_pas_du_tout,4_énormément,1_un peu,4_énormément,Non renseigné,NA
343,22,homme,170.98524930038093,Non,1_un peu,Non renseigné,4_énormément,3_beaucoup,3_beaucoup,Non renseigné,Non renseigné,Non renseigné,NA
344,77,homme,NA,Non renseigné,0_pas_du_tout,0_pas_du_tout,3_beaucoup,3_beaucoup,1_un peu,Non renseigné,1_un peu,Non renseigné,NA
345,71,homme,NA,Non,3_beaucoup,1_un peu,2_moyennement,1_un peu,3_beaucoup,Non renseigné,Non renseigné,Non renseigné,NA
346,43,homme,NA,Oui,1_un peu,2_moyennement,4_énormément,2_moyennement,Non renseigné,4_énormément,0_pas_du_tout,3_beaucoup,NA
347,34,homme,167.27916116795126,Non renseigné,2_moyennement,1_un peu,3_beaucoup,3_beaucoup,Non renseigné,4_énormément,Non renseigné,1_un peu,NA
348,45,femme,NA,Oui,4_énormément,3_beaucoup,2_moyennement,4_énormément,Non renseigné,3_beaucoup,Non renseigné,4_énormément,NA
349,39,femme,175.26588452686414,Non renseigné,3_beaucoup,3_beaucoup,1_un peu,3_beaucoup,0_pas_du_tout,Non renseigné,1_un peu,4_énormément,NA
350,11,femme,134.48611407941775,Oui,2_moyennement,Non renseigné,0_pas_du_tout,0_pas_du_tout,1_un peu,Non renseigné,1_un peu,Non renseigné,NA
351,NA,homme,168.80537686150086,Oui,3_beaucoup,Non renseigné,1_un peu,Non renseigné,3_beaucoup,4_énormément,4_énormément,4_énormément,NA
352,NA,femme,160.48611316865663,Non renseigné,0_pas_du_tout,2_moyennement,0_pas_du_tout,0_pas_du_tout,2_moyennement,Non renseigné,3_beaucoup,Non renseigné,NA
353,56,homme,177.2726399612074,Non renseigné,3_beaucoup,4_énormément,2_moyennement,0_pas_du_tout,3_beaucoup,Non renseigné,3_beaucoup,Non renseigné,NA
354,70,homme,168.69071577906098,Oui,1_un peu,2_moyennement,1_un peu,3_beaucoup,Non renseigné,1_un peu,4_énormément,4_énormément,NA
355,54,femme,169.68579816748147,Non,3_beaucoup,4_énormément,2_moyennement,3_beaucoup,4_énormément,2_moyennement,1_un peu,Non renseigné,NA
356,NA,non binaire,NA,Oui,2_moyennement,3_beaucoup,3_beaucoup,4_énormément,0_pas_du_tout,0_pas_du_tout,Non renseigné,0_pas_du_tout,NA
357,32,homme,167.3973777157027,Oui,2_moyennement,Non renseigné,3_beaucoup,Non renseigné,1_un peu,0_pas_du_tout,Non renseigné,4_énormément,NA
358,77,homme,171.16741927600717,Oui,0_pas_du_tout,2_moyennement,1_un peu,3_beaucoup,0_pas_du_tout,1_un peu,2_moyennement,Non renseigné,NA
359,51,femme,164.38701655611234,Oui,0_pas_du_tout,4_énormément,4_énormément,Non renseigné,4_énormément,Non renseigné,3_beaucoup,4_énormément,NA
360,26,femme,168.05131613307432,Non renseigné,1_un peu,1_un peu,3_beaucoup,1_un peu,3_beaucoup,1_un peu,Non renseigné,4_énormément,NA
361,39,homme,168.2969672549192,Non,2_moyennement,1_un peu,2_moyennement,0_pas_du_tout,0_pas_du_tout,3_beaucoup,0_pas_du_tout,Non renseigné,NA
362,77,homme,169.42528182332725,Oui,Non renseigné,3_beaucoup,4_énormément,3_beaucoup,Non renseigné,Non renseigné,4_énormément,Non renseigné,NA
363,11,NA,135.90300047823575,Non renseigné,Non renseigné,3_beaucoup,1_un peu,0_pas_du_tout,Non renseigné,3_beaucoup,Non renseigné,0_pas_du_tout,NA
364,75,femme,161.58525903224646,Non renseigné,0_pas_du_tout,0_pas_du_tout,Non renseigné,3_beaucoup,2_moyennement,1_un peu,Non renseigné,4_énormément,NA
365,NA,femme,161.66077952583973,Non renseigné,1_un peu,1_un peu,0_pas_du_tout,Non renseigné,3_beaucoup,4_énormément,1_un peu,2_moyennement,NA
366,46,femme,150.12404472065276,Non,2_moyennement,Non renseigné,3_beaucoup,2_moyennement,Non renseigné,3_beaucoup,2_moyennement,4_énormément,NA
367,NA,femme,166.6104454943628,Non renseigné,2_moyennement,0_pas_du_tout,2_moyennement,0_pas_du_tout,0_pas_du_tout,Non renseigné,2_moyennement,Non renseigné,NA
368,45,femme,NA,Non,2_moyennement,Non renseigné,4_énormément,0_pas_du_tout,Non renseigné,1_un peu,1_un peu,3_beaucoup,NA
369,NA,femme,NA,Non renseigné,0_pas_du_tout,4_énormément,1_un peu,3_beaucoup,2_moyennement,4_énormément,4_énormément,3_beaucoup,NA
370,17,homme,163.9509609363872,Non,1_un peu,3_beaucoup,1_un peu,Non renseigné,2_moyennement,4_énormément,4_énormément,Non renseigné,NA
371,17,homme,164.53149407522903,Non renseigné,Non renseigné,1_un peu,Non renseigné,2_moyennement,3_beaucoup,3_beaucoup,Non renseigné,Non renseigné,NA
372,68,homme,174.52278884144445,Non,0_pas_du_tout,Non renseigné,1_un peu,2_moyennement,2_moyennement,3_beaucoup,0_pas_du_tout,Non renseigné,NA
373,20,femme,NA,Non,4_énormément,Non renseigné,NA,2_moyennement,2_moyennement,Non renseigné,4_énormément,Non renseigné,NA
374,38,femme,162.28690891993793,Non,2_moyennement,2_moyennement,1_un peu,1_un peu,3_beaucoup,1_un peu,Non renseigné,2_moyennement,NA
375,40,femme,165.78251398537577,Non,1_un peu,2_moyennement,1_un peu,Non renseigné,1_un peu,4_énormément,0_pas_du_tout,Non renseigné,NA
376,56,non binaire,NA,Oui,1_un peu,0_pas_du_tout,1_un peu,Non renseigné,3_beaucoup,2_moyennement,3_beaucoup,Non renseigné,NA
377,56,NA,160.6882982817393,Non,2_moyennement,4_énormément,4_énormément,3_beaucoup,3_beaucoup,1_un peu,4_énormément,Non renseigné,NA
378,22,homme,NA,Non,2_moyennement,3_beaucoup,1_un peu,4_énormément,Non renseigné,2_moyennement,Non renseigné,2_moyennement,NA
379,3,non binaire,94.93006252473529,Oui,4_énormément,0_pas_du_tout,2_moyennement,3_beaucoup,Non renseigné,Non renseigné,2_moyennement,Non renseigné,NA
380,6,femme,109.16535981458028,Non,4_énormément,4_énormément,Non renseigné,1_un peu,4_énormément,4_énormément,4_énormément,2_moyennement,NA
381,NA,femme,164.24261870674843,Non,1_un peu,3_beaucoup,1_un peu,1_un peu,3_beaucoup,Non renseigné,0_pas_du_tout,Non renseigné,NA
382,58,femme,173.6117934295773,Non renseigné,0_pas_du_tout,4_énormément,3_beaucoup,1_un peu,1_un peu,4_énormément,4_énormément,1_un peu,NA
383,19,homme,166.11424210495665,Non renseigné,3_beaucoup,Non renseigné,Non renseigné,0_pas_du_tout,4_énormément,0_pas_du_tout,3_beaucoup,Non renseigné,NA
384,15,homme,NA,Oui,2_moyennement,4_énormément,0_pas_du_tout,4_énormément,2_moyennement,4_énormément,2_moyennement,Non renseigné,NA
385,40,femme,167.0684690123083,Non renseigné,0_pas_du_tout,4_énormément,2_moyennement,0_pas_du_tout,3_beaucoup,3_beaucoup,Non renseigné,Non renseigné,NA
386,NA,non binaire,NA,Non renseigné,4_énormément,3_beaucoup,1_un peu,2_moyennement,Non renseigné,1_un peu,3_beaucoup,4_énormément,NA
387,17,homme,NA,Non renseigné,1_un peu,2_moyennement,1_un peu,0_pas_du_tout,Non renseigné,3_beaucoup,4_énormément,Non renseigné,NA
388,63,non binaire,NA,Oui,4_énormément,3_beaucoup,0_pas_du_tout,Non renseigné,1_un peu,4_énormément,1_un peu,Non renseigné,NA
389,54,femme,161.4233535566709,Non renseigné,0_pas_du_tout,2_moyennement,3_beaucoup,3_beaucoup,4_énormément,2_moyennement,4_énormément,Non renseigné,NA
390,40,femme,162.1618702215964,Non,4_énormément,3_beaucoup,0_pas_du_tout,3_beaucoup,Non renseigné,1_un peu,0_pas_du_tout,Non renseigné,NA
391,21,homme,161.00405161881105,Non,1_un peu,3_beaucoup,4_énormément,4_énormément,Non renseigné,4_énormément,4_énormément,Non renseigné,NA
392,42,femme,NA,Non renseigné,4_énormément,2_moyennement,2_moyennement,1_un peu,4_énormément,2_moyennement,0_pas_du_tout,Non renseigné,NA
393,52,homme,168.17081501931023,Oui,3_beaucoup,2_moyennement,4_énormément,4_énormément,2_moyennement,Non renseigné,Non renseigné,Non renseigné,NA
394,66,homme,166.52972002646538,Non,1_un peu,2_moyennement,Non renseigné,1_un peu,2_moyennement,2_moyennement,2_moyennement,0_pas_du_tout,NA
395,26,homme,167.09173556768047,Non renseigné,2_moyennement,2_moyennement,1_un peu,3_beaucoup,4_énormément,3_beaucoup,0_pas_du_tout,1_un peu,NA
396,41,homme,NA,Non renseigné,3_beaucoup,2_moyennement,1_un peu,1_un peu,3_beaucoup,1_un peu,0_pas_du_tout,1_un peu,NA
397,69,homme,174.28383428352353,Oui,0_pas_du_tout,0_pas_du_tout,4_énormément,2_moyennement,1_un peu,1_un peu,3_beaucoup,4_énormément,NA
398,12,femme,139.9267933859121,Non,2_moyennement,0_pas_du_tout,3_beaucoup,2_moyennement,3_beaucoup,0_pas_du_tout,4_énormément,Non renseigné,NA
399,16,homme,158.93713323956368,Oui,0_pas_du_tout,2_moyennement,1_un peu,2_moyennement,Non renseigné,1_un peu,0_pas_du_tout,Non renseigné,NA
400,79,homme,167.13233971623035,Non,Non renseigné,2_moyennement,4_énormément,2_moyennement,Non renseigné,4_énormément,2_moyennement,Non renseigné,NA
401,66,femme,159.01487688920312,Oui,0_pas_du_tout,Non renseigné,0_pas_du_tout,2_moyennement,3_beaucoup,Non renseigné,3_beaucoup,Non renseigné,NA
402,39,homme,168.9260145226836,Non renseigné,1_un peu,Non renseigné,1_un peu,0_pas_du_tout,3_beaucoup,Non renseigné,0_pas_du_tout,3_beaucoup,NA
403,36,non binaire,NA,Oui,Non renseigné,Non renseigné,4_énormément,4_énormément,0_pas_du_tout,3_beaucoup,0_pas_du_tout,Non renseigné,NA
404,43,homme,176.77278596846295,Non,2_moyennement,Non renseigné,1_un peu,4_énormément,2_moyennement,0_pas_du_tout,Non renseigné,Non renseigné,NA
405,27,NA,160.7629731253064,Non,1_un peu,3_beaucoup,3_beaucoup,0_pas_du_tout,Non renseigné,3_beaucoup,4_énormément,4_énormément,NA
406,16,femme,161.50182455598812,Non,0_pas_du_tout,2_moyennement,0_pas_du_tout,2_moyennement,0_pas_du_tout,3_beaucoup,3_beaucoup,Non renseigné,NA
407,62,homme,NA,Oui,2_moyennement,0_pas_du_tout,1_un peu,3_beaucoup,2_moyennement,4_énormément,0_pas_du_tout,1_un peu,NA
408,18,homme,170.25293973047874,Oui,3_beaucoup,0_pas_du_tout,0_pas_du_tout,4_énormément,0_pas_du_tout,Non renseigné,0_pas_du_tout,4_énormément,NA
409,44,femme,161.58149786939336,Non renseigné,0_pas_du_tout,1_un peu,4_énormément,4_énormément,3_beaucoup,2_moyennement,2_moyennement,4_énormément,NA
410,63,homme,172.84024585986552,Non,3_beaucoup,Non renseigné,3_beaucoup,0_pas_du_tout,4_énormément,0_pas_du_tout,4_énormément,0_pas_du_tout,NA
411,74,femme,167.89407134570914,Non,4_énormément,0_pas_du_tout,Non renseigné,2_moyennement,2_moyennement,3_beaucoup,4_énormément,2_moyennement,NA
412,20,homme,164.9370547017349,Oui,2_moyennement,1_un peu,NA,3_beaucoup,3_beaucoup,3_beaucoup,2_moyennement,Non renseigné,NA
413,72,homme,NA,Oui,0_pas_du_tout,1_un peu,4_énormément,1_un peu,3_beaucoup,1_un peu,4_énormément,Non renseigné,NA
414,26,femme,162.5815483633732,Non,0_pas_du_tout,1_un peu,Non renseigné,Non renseigné,3_beaucoup,3_beaucoup,1_un peu,4_énormément,NA
415,63,femme,NA,Non renseigné,1_un peu,3_beaucoup,1_un peu,1_un peu,2_moyennement,4_énormément,1_un peu,Non renseigné,NA
416,61,homme,173.59810582191756,Oui,0_pas_du_tout,0_pas_du_tout,4_énormément,Non renseigné,4_énormément,1_un peu,2_moyennement,Non renseigné,NA
417,NA,femme,158.888268339952,Non,1_un peu,Non renseigné,2_moyennement,Non renseigné,3_beaucoup,3_beaucoup,2_moyennement,Non renseigné,NA
418,51,femme,158.2519090889629,Non,2_moyennement,3_beaucoup,3_beaucoup,1_un peu,1_un peu,Non renseigné,1_un peu,4_énormément,NA
419,45,homme,166.3229102532972,Non,4_énormément,1_un peu,3_beaucoup,2_moyennement,2_moyennement,2_moyennement,Non renseigné,2_moyennement,NA
420,38,femme,167.62799342386938,Non,3_beaucoup,Non renseigné,1_un peu,4_énormément,4_énormément,0_pas_du_tout,0_pas_du_tout,Non renseigné,NA
421,14,NA,150.40199808929196,Non,3_beaucoup,1_un peu,0_pas_du_tout,3_beaucoup,0_pas_du_tout,Non renseigné,2_moyennement,Non renseigné,NA
422,58,femme,157.11644233317452,Non,0_pas_du_tout,4_énormément,3_beaucoup,2_moyennement,3_beaucoup,1_un peu,4_énormément,Non renseigné,NA
423,66,homme,161.0604937243433,Oui,Non renseigné,3_beaucoup,4_énormément,1_un peu,Non renseigné,1_un peu,2_moyennement,Non renseigné,NA
424,37,femme,154.27172328379118,Non,0_pas_du_tout,1_un peu,1_un peu,Non renseigné,Non renseigné,0_pas_du_tout,1_un peu,Non renseigné,NA
425,59,femme,163.70449091622672,Oui,0_pas_du_tout,Non renseigné,1_un peu,0_pas_du_tout,Non renseigné,1_un peu,Non renseigné,0_pas_du_tout,NA
426,37,homme,165.9452844435167,Oui,0_pas_du_tout,0_pas_du_tout,4_énormément,0_pas_du_tout,Non renseigné,Non renseigné,0_pas_du_tout,Non renseigné,NA
427,64,femme,NA,Non renseigné,1_un peu,4_énormément,1_un peu,0_pas_du_tout,0_pas_du_tout,0_pas_du_tout,0_pas_du_tout,Non renseigné,NA
428,NA,femme,144.61125783505486,Non,0_pas_du_tout,0_pas_du_tout,2_moyennement,Non renseigné,1_un peu,2_moyennement,3_beaucoup,Non renseigné,NA
429,29,homme,166.12027385931214,Non,3_beaucoup,2_moyennement,4_énormément,1_un peu,4_énormément,1_un peu,Non renseigné,Non renseigné,NA
430,18,femme,170.07809253575823,Oui,1_un peu,0_pas_du_tout,Non renseigné,0_pas_du_tout,Non renseigné,1_un peu,4_énormément,4_énormément,NA
431,65,femme,NA,Non renseigné,2_moyennement,0_pas_du_tout,Non renseigné,Non renseigné,1_un peu,4_énormément,4_énormément,Non renseigné,NA
432,75,homme,166.75590042320536,Oui,2_moyennement,Non renseigné,0_pas_du_tout,Non renseigné,1_un peu,1_un peu,3_beaucoup,0_pas_du_tout,NA
433,35,NA,158.08395026644578,Non,2_moyennement,Non renseigné,Non renseigné,3_beaucoup,Non renseigné,Non renseigné,2_moyennement,Non renseigné,NA
434,35,homme,169.80625075189135,Oui,3_beaucoup,3_beaucoup,2_moyennement,3_beaucoup,4_énormément,Non renseigné,0_pas_du_tout,3_beaucoup,NA
435,73,homme,163.62569476601075,Non,0_pas_du_tout,3_beaucoup,Non renseigné,2_moyennement,1_un peu,Non renseigné,1_un peu,0_pas_du_tout,NA
436,19,homme,174.4901439830764,Oui,3_beaucoup,3_beaucoup,1_un peu,3_beaucoup,2_moyennement,2_moyennement,3_beaucoup,Non renseigné,NA
437,55,NA,164.53204288617474,Non,0_pas_du_tout,3_beaucoup,3_beaucoup,4_énormément,1_un peu,Non renseigné,3_beaucoup,Non renseigné,NA
438,17,non binaire,164.1799980158233,Non renseigné,3_beaucoup,2_moyennement,1_un peu,1_un peu,1_un peu,Non renseigné,Non renseigné,Non renseigné,NA
439,43,NA,169.7244245299777,Non,0_pas_du_tout,1_un peu,4_énormément,0_pas_du_tout,4_énormément,1_un peu,0_pas_du_tout,Non renseigné,NA
440,71,femme,160.20378978671724,Non renseigné,2_moyennement,0_pas_du_tout,3_beaucoup,1_un peu,Non renseigné,Non renseigné,1_un peu,Non renseigné,NA
441,55,femme,164.2283469375352,Non,3_beaucoup,2_moyennement,1_un peu,0_pas_du_tout,4_énormément,1_un peu,4_énormément,Non renseigné,NA
442,33,homme,174.6942197439078,Non renseigné,Non renseigné,3_beaucoup,2_moyennement,2_moyennement,1_un peu,Non renseigné,2_moyennement,Non renseigné,NA
443,37,homme,170.1221632686973,Non,4_énormément,2_moyennement,4_énormément,3_beaucoup,4_énormément,4_énormément,Non renseigné,Non renseigné,NA
444,9,femme,123.98470359411577,Non,3_beaucoup,1_un peu,3_beaucoup,2_moyennement,1_un peu,4_énormément,1_un peu,4_énormément,NA
445,8,femme,120.01679772032197,Non renseigné,3_beaucoup,3_beaucoup,Non renseigné,4_énormément,4_énormément,3_beaucoup,1_un peu,Non renseigné,NA
446,26,femme,163.73670503292442,Non,2_moyennement,1_un peu,3_beaucoup,0_pas_du_tout,2_moyennement,4_énormément,1_un peu,4_énormément,NA
447,10,non binaire,131.5508780301243,Non renseigné,1_un peu,0_pas_du_tout,0_pas_du_tout,3_beaucoup,3_beaucoup,0_pas_du_tout,2_moyennement,2_moyennement,NA
448,16,femme,159.99752697525392,Non renseigné,2_moyennement,2_moyennement,0_pas_du_tout,4_énormément,Non renseigné,0_pas_du_tout,4_énormément,Non renseigné,NA
449,30,homme,173.78184808810516,Non renseigné,2_moyennement,1_un peu,4_énormément,0_pas_du_tout,3_beaucoup,0_pas_du_tout,Non renseigné,Non renseigné,NA
450,57,NA,164.8782471284125,Non renseigné,4_énormément,0_pas_du_tout,4_énormément,1_un peu,4_énormément,1_un peu,1_un peu,0_pas_du_tout,NA
451,24,non binaire,NA,Oui,1_un peu,1_un peu,4_énormément,1_un peu,4_énormément,1_un peu,Non renseigné,Non renseigné,NA
452,77,femme,NA,Non,2_moyennement,2_moyennement,0_pas_du_tout,0_pas_du_tout,3_beaucoup,1_un peu,4_énormément,Non renseigné,NA
453,11,NA,136.0929618460149,Non renseigné,0_pas_du_tout,0_pas_du_tout,2_moyennement,2_moyennement,3_beaucoup,0_pas_du_tout,2_moyennement,Non renseigné,NA
454,43,NA,163.6882305167171,Oui,Non renseigné,4_énormément,2_moyennement,0_pas_du_tout,1_un peu,3_beaucoup,2_moyennement,4_énormément,NA
455,77,NA,NA,Non renseigné,0_pas_du_tout,4_énormément,Non renseigné,1_un peu,1_un peu,2_moyennement,3_beaucoup,4_énormément,NA
456,14,homme,149.57114153249276,Oui,2_moyennement,1_un peu,0_pas_du_tout,0_pas_du_tout,3_beaucoup,4_énormément,2_moyennement,0_pas_du_tout,NA
457,22,NA,NA,Oui,1_un peu,3_beaucoup,4_énormément,0_pas_du_tout,3_beaucoup,3_beaucoup,Non renseigné,Non renseigné,NA
458,65,femme,159.86650167189867,Oui,Non renseigné,4_énormément,1_un peu,4_énormément,0_pas_du_tout,2_moyennement,Non renseigné,2_moyennement,NA
459,9,homme,124.27065412658258,Oui,2_moyennement,3_beaucoup,0_pas_du_tout,0_pas_du_tout,4_énormément,0_pas_du_tout,0_pas_du_tout,2_moyennement,NA
460,66,homme,178.1762973235659,Non,2_moyennement,1_un peu,3_beaucoup,0_pas_du_tout,Non renseigné,2_moyennement,1_un peu,Non renseigné,NA
461,66,homme,176.45692706358918,Non,3_beaucoup,4_énormément,4_énormément,0_pas_du_tout,2_moyennement,Non renseigné,Non renseigné,Non renseigné,NA
462,18,femme,168.4868723250068,Non,3_beaucoup,3_beaucoup,Non renseigné,0_pas_du_tout,3_beaucoup,1_un peu,1_un peu,Non renseigné,NA
463,4,femme,100.58261569462132,Non,3_beaucoup,1_un peu,1_un peu,1_un peu,Non renseigné,Non renseigné,1_un peu,Non renseigné,NA
464,51,homme,NA,Non,2_moyennement,3_beaucoup,0_pas_du_tout,4_énormément,Non renseigné,1_un peu,3_beaucoup,Non renseigné,NA
465,54,homme,169.5887515338456,Oui,2_moyennement,2_moyennement,4_énormément,1_un peu,1_un peu,Non renseigné,Non renseigné,1_un peu,NA
466,69,femme,163.73923021759694,Non,3_beaucoup,3_beaucoup,1_un peu,2_moyennement,Non renseigné,2_moyennement,1_un peu,Non renseigné,NA
467,67,homme,160.65173905016042,Oui,2_moyennement,3_beaucoup,1_un peu,0_pas_du_tout,1_un peu,2_moyennement,Non renseigné,Non renseigné,NA
468,53,homme,169.7983309742232,Oui,1_un peu,1_un peu,4_énormément,0_pas_du_tout,Non renseigné,3_beaucoup,0_pas_du_tout,2_moyennement,NA
469,60,homme,171.061549588759,Non,2_moyennement,0_pas_du_tout,0_pas_du_tout,0_pas_du_tout,4_énormément,3_beaucoup,4_énormément,3_beaucoup,NA
470,70,femme,171.85821566811828,Non,3_beaucoup,2_moyennement,1_un peu,0_pas_du_tout,4_énormément,3_beaucoup,4_énormément,Non renseigné,NA
471,79,homme,166.74278116301383,Oui,1_un peu,0_pas_du_tout,0_pas_du_tout,Non renseigné,4_énormément,1_un peu,4_énormément,Non renseigné,NA
472,28,femme,NA,Oui,1_un peu,3_beaucoup,3_beaucoup,3_beaucoup,2_moyennement,3_beaucoup,4_énormément,Non renseigné,NA
473,13,non binaire,143.55966832643352,Oui,3_beaucoup,4_énormément,1_un peu,0_pas_du_tout,Non renseigné,2_moyennement,Non renseigné,Non renseigné,NA
474,4,non binaire,99.22547137162553,Non,2_moyennement,4_énormément,Non renseigné,3_beaucoup,Non renseigné,4_énormément,Non renseigné,1_un peu,NA
475,15,femme,155.57768277914576,Non,Non renseigné,0_pas_du_tout,1_un peu,0_pas_du_tout,2_moyennement,4_énormément,0_pas_du_tout,Non renseigné,NA
476,21,non binaire,NA,Non,2_moyennement,2_moyennement,4_énormément,Non renseigné,3_beaucoup,0_pas_du_tout,Non renseigné,4_énormément,NA
477,71,homme,173.95906936036536,Oui,0_pas_du_tout,3_beaucoup,3_beaucoup,1_un peu,4_énormément,4_énormément,4_énormément,0_pas_du_tout,NA
478,54,femme,151.3180103090385,Non renseigné,1_un peu,3_beaucoup,2_moyennement,1_un peu,3_beaucoup,4_énormément,Non renseigné,Non renseigné,NA
479,43,femme,157.56618533399106,Non renseigné,4_énormément,4_énormément,0_pas_du_tout,3_beaucoup,4_énormément,3_beaucoup,Non renseigné,4_énormément,NA
480,47,homme,167.53901194470433,Oui,2_moyennement,0_pas_du_tout,Non renseigné,Non renseigné,0_pas_du_tout,4_énormément,2_moyennement,4_énormément,NA
481,43,femme,160.66281877002976,Non renseigné,Non renseigné,3_beaucoup,4_énormément,0_pas_du_tout,0_pas_du_tout,0_pas_du_tout,1_un peu,Non renseigné,NA
482,76,homme,174.19415307868636,Non renseigné,3_beaucoup,2_moyennement,1_un peu,3_beaucoup,3_beaucoup,Non renseigné,Non renseigné,4_énormément,NA
483,30,NA,NA,Oui,2_moyennement,3_beaucoup,0_pas_du_tout,3_beaucoup,0_pas_du_tout,Non renseigné,0_pas_du_tout,Non renseigné,NA
484,NA,femme,171.91581484904762,Oui,4_énormément,4_énormément,Non renseigné,1_un peu,Non renseigné,2_moyennement,1_un peu,Non renseigné,NA
485,34,femme,167.5565253963575,Non renseigné,1_un peu,2_moyennement,3_beaucoup,0_pas_du_tout,4_énormément,Non renseigné,2_moyennement,Non renseigné,NA
486,NA,femme,168.81333438688256,Oui,0_pas_du_tout,3_beaucoup,0_pas_du_tout,0_pas_du_tout,1_un peu,1_un peu,Non renseigné,4_énormément,NA
487,34,homme,171.95457512003816,Oui,1_un peu,1_un peu,3_beaucoup,0_pas_du_tout,3_beaucoup,0_pas_du_tout,2_moyennement,Non renseigné,NA
488,45,homme,NA,Oui,1_un peu,2_moyennement,0_pas_du_tout,2_moyennement,3_beaucoup,0_pas_du_tout,Non renseigné,Non renseigné,NA
489,77,homme,164.05887816014913,Non,2_moyennement,0_pas_du_tout,2_moyennement,0_pas_du_tout,3_beaucoup,3_beaucoup,2_moyennement,Non renseigné,NA
490,77,femme,163.60143584108468,Non renseigné,3_beaucoup,0_pas_du_tout,2_moyennement,0_pas_du_tout,1_un peu,4_énormément,1_un peu,Non renseigné,NA
491,51,femme,159.06318690551169,Non renseigné,3_beaucoup,Non renseigné,1_un peu,Non renseigné,4_énormément,4_énormément,2_moyennement,Non renseigné,NA
492,74,homme,172.49241254758226,Oui,4_énormément,3_beaucoup,0_pas_du_tout,3_beaucoup,4_énormément,2_moyennement,4_énormément,3_beaucoup,NA
493,21,NA,NA,Non,2_moyennement,0_pas_du_tout,4_énormément,2_moyennement,3_beaucoup,0_pas_du_tout,Non renseigné,Non renseigné,NA
494,77,homme,173.59319828857898,Non renseigné,3_beaucoup,2_moyennement,2_moyennement,0_pas_du_tout,2_moyennement,3_beaucoup,4_énormément,2_moyennement,NA
495,10,femme,130.30219063457042,Non renseigné,1_un peu,2_moyennement,0_pas_du_tout,0_pas_du_tout,4_énormément,3_beaucoup,Non renseigné,Non renseigné,NA
496,72,homme,166.2891271294331,Non,3_beaucoup,3_beaucoup,2_moyennement,3_beaucoup,Non renseigné,2_moyennement,4_énormément,Non renseigné,NA
497,5,femme,104.29808174966796,Non,Non renseigné,0_pas_du_tout,0_pas_du_tout,0_pas_du_tout,1_un peu,2_moyennement,0_pas_du_tout,4_énormément,NA
498,9,femme,123.31767935531863,Non renseigné,1_un peu,4_énormément,3_beaucoup,0_pas_du_tout,0_pas_du_tout,4_énormément,Non renseigné,Non renseigné,NA
499,18,non binaire,170.40920159614353,Non renseigné,0_pas_du_tout,2_moyennement,1_un peu,2_moyennement,4_énormément,1_un peu,4_énormément,3_beaucoup,NA
500,12,femme,138.98489225020603,Non,4_énormément,Non renseigné,0_pas_du_tout,0_pas_du_tout,4_énormément,3_beaucoup,0_pas_du_tout,Non renseigné,NA
501,21,femme,164.04888318524522,Non,1_un peu,3_beaucoup,4_énormément,0_pas_du_tout,2_moyennement,1_un peu,4_énormément,Non renseigné,NA
502,NA,homme,173.32890480231532,Oui,1_un peu,4_énormément,0_pas_du_tout,0_pas_du_tout,3_beaucoup,3_beaucoup,Non renseigné,Non renseigné,NA
503,61,homme,170.78523928441209,Non,2_moyennement,2_moyennement,1_un peu,2_moyennement,3_beaucoup,2_moyennement,Non renseigné,Non renseigné,NA
504,4,femme,99.99929900845753,Non renseigné,0_pas_du_tout,3_beaucoup,1_un peu,Non renseigné,3_beaucoup,4_énormément,Non renseigné,4_énormément,NA
505,66,homme,165.41000431306364,Oui,2_moyennement,4_énormément,1_un peu,3_beaucoup,Non renseigné,4_énormément,Non renseigné,2_moyennement,NA
506,33,femme,165.25978624034738,Non renseigné,Non renseigné,Non renseigné,1_un peu,2_moyennement,3_beaucoup,3_beaucoup,0_pas_du_tout,1_un peu,NA
507,71,femme,162.22560220564804,Non renseigné,4_énormément,4_énormément,2_moyennement,0_pas_du_tout,Non renseigné,4_énormément,4_énormément,Non renseigné,NA
508,19,femme,156.1837571959364,Non renseigné,2_moyennement,1_un peu,1_un peu,2_moyennement,2_moyennement,3_beaucoup,2_moyennement,1_un peu,NA
509,14,NA,150.61012708262368,Oui,0_pas_du_tout,0_pas_du_tout,0_pas_du_tout,1_un peu,3_beaucoup,3_beaucoup,3_beaucoup,Non renseigné,NA
510,NA,non binaire,NA,Non,0_pas_du_tout,2_moyennement,2_moyennement,3_beaucoup,3_beaucoup,1_un peu,4_énormément,0_pas_du_tout,NA
511,62,femme,NA,Non,2_moyennement,4_énormément,1_un peu,1_un peu,Non renseigné,2_moyennement,0_pas_du_tout,4_énormément,NA
512,31,non binaire,NA,Oui,Non renseigné,1_un peu,0_pas_du_tout,0_pas_du_tout,0_pas_du_tout,3_beaucoup,2_moyennement,3_beaucoup,NA
513,15,homme,154.11686116719827,Non,Non renseigné,1_un peu,0_pas_du_tout,2_moyennement,3_beaucoup,Non renseigné,0_pas_du_tout,0_pas_du_tout,NA
514,21,non binaire,NA,Oui,Non renseigné,0_pas_du_tout,2_moyennement,0_pas_du_tout,0_pas_du_tout,4_énormément,3_beaucoup,2_moyennement,NA
515,NA,homme,159.23314287162802,Non renseigné,4_énormément,3_beaucoup,2_moyennement,0_pas_du_tout,2_moyennement,3_beaucoup,4_énormément,0_pas_du_tout,NA
516,55,femme,174.66958526683518,Non,0_pas_du_tout,0_pas_du_tout,1_un peu,3_beaucoup,Non renseigné,2_moyennement,4_énormément,1_un peu,NA
517,46,homme,174.9954055471773,Non renseigné,0_pas_du_tout,4_énormément,2_moyennement,3_beaucoup,1_un peu,3_beaucoup,Non renseigné,4_énormément,NA
518,9,homme,NA,Non renseigné,1_un peu,Non renseigné,0_pas_du_tout,0_pas_du_tout,3_beaucoup,1_un peu,0_pas_du_tout,Non renseigné,NA
519,10,femme,129.72927095139605,Non,1_un peu,0_pas_du_tout,Non renseigné,Non renseigné,Non renseigné,4_énormément,0_pas_du_tout,Non renseigné,NA
520,NA,homme,172.02259806536247,Non renseigné,1_un peu,0_pas_du_tout,3_beaucoup,Non renseigné,3_beaucoup,4_énormément,Non renseigné,Non renseigné,NA
521,71,homme,172.8423866277493,Non renseigné,0_pas_du_tout,1_un peu,1_un peu,1_un peu,4_énormément,1_un peu,1_un peu,3_beaucoup,NA
522,73,femme,NA,Non renseigné,3_beaucoup,2_moyennement,0_pas_du_tout,2_moyennement,1_un peu,3_beaucoup,Non renseigné,Non renseigné,NA
523,20,homme,165.90106270521628,Oui,2_moyennement,4_énormément,NA,3_beaucoup,3_beaucoup,4_énormément,Non renseigné,3_beaucoup,NA
524,46,homme,163.89552429494074,Non renseigné,3_beaucoup,2_moyennement,1_un peu,0_pas_du_tout,Non renseigné,Non renseigné,Non renseigné,Non renseigné,NA
525,58,femme,156.57089492082255,Oui,3_beaucoup,4_énormément,Non renseigné,3_beaucoup,2_moyennement,1_un peu,4_énormément,Non renseigné,NA
526,14,femme,148.5778390879409,Non,0_pas_du_tout,4_énormément,1_un peu,1_un peu,4_énormément,3_beaucoup,3_beaucoup,Non renseigné,NA
527,5,femme,105.2191013138376,Non,2_moyennement,3_beaucoup,0_pas_du_tout,3_beaucoup,Non renseigné,1_un peu,3_beaucoup,Non renseigné,NA
528,21,non binaire,NA,Non renseigné,4_énormément,0_pas_du_tout,3_beaucoup,1_un peu,2_moyennement,3_beaucoup,0_pas_du_tout,Non renseigné,NA
529,23,homme,NA,Oui,0_pas_du_tout,Non renseigné,3_beaucoup,2_moyennement,1_un peu,4_énormément,2_moyennement,Non renseigné,NA
530,54,homme,168.84354053773544,Non,1_un peu,2_moyennement,2_moyennement,3_beaucoup,4_énormément,2_moyennement,3_beaucoup,Non renseigné,NA
531,16,NA,159.34536850894455,Oui,Non renseigné,1_un peu,0_pas_du_tout,1_un peu,1_un peu,2_moyennement,4_énormément,Non renseigné,NA
532,NA,NA,157.48229274801355,Non renseigné,0_pas_du_tout,1_un peu,2_moyennement,0_pas_du_tout,Non renseigné,2_moyennement,1_un peu,Non renseigné,NA
533,18,femme,171.4799001652866,Non renseigné,0_pas_du_tout,3_beaucoup,0_pas_du_tout,1_un peu,0_pas_du_tout,4_énormément,4_énormément,3_beaucoup,NA
534,23,femme,153.59011115495542,Non,1_un peu,4_énormément,3_beaucoup,3_beaucoup,Non renseigné,Non renseigné,0_pas_du_tout,Non renseigné,NA
535,35,homme,167.2539831152111,Non renseigné,1_un peu,1_un peu,Non renseigné,0_pas_du_tout,1_un peu,Non renseigné,2_moyennement,4_énormément,NA
536,68,NA,NA,Non renseigné,3_beaucoup,4_énormément,4_énormément,3_beaucoup,3_beaucoup,2_moyennement,Non renseigné,Non renseigné,NA
537,77,NA,164.91460638458102,Non renseigné,1_un peu,1_un peu,1_un peu,0_pas_du_tout,1_un peu,4_énormément,4_énormément,Non renseigné,NA
538,36,femme,164.0492964981061,Non,1_un peu,Non renseigné,4_énormément,2_moyennement,3_beaucoup,2_moyennement,1_un peu,3_beaucoup,NA
539,46,femme,166.97503313775448,Non,2_moyennement,3_beaucoup,4_énormément,Non renseigné,4_énormément,2_moyennement,1_un peu,Non renseigné,NA
540,79,homme,163.97382468525095,Oui,1_un peu,4_énormément,2_moyennement,0_pas_du_tout,Non renseigné,2_moyennement,1_un peu,4_énormément,NA
541,44,femme,168.6738205678126,Non renseigné,2_moyennement,Non renseigné,2_moyennement,0_pas_du_tout,4_énormément,2_moyennement,1_un peu,Non renseigné,NA
542,33,non binaire,NA,Oui,4_énormément,3_beaucoup,3_beaucoup,1_un peu,3_beaucoup,Non renseigné,1_un peu,4_énormément,NA
543,46,femme,169.90132983133736,Non,Non renseigné,4_énormément,Non renseigné,Non renseigné,3_beaucoup,0_pas_du_tout,2_moyennement,1_un peu,NA
544,71,non binaire,NA,Non renseigné,0_pas_du_tout,Non renseigné,1_un peu,Non renseigné,4_énormément,1_un peu,Non renseigné,2_moyennement,NA
545,15,femme,NA,Non,1_un peu,1_un peu,Non renseigné,0_pas_du_tout,1_un peu,4_énormément,1_un peu,Non renseigné,NA
546,44,femme,162.4988597914067,Non renseigné,3_beaucoup,Non renseigné,3_beaucoup,3_beaucoup,4_énormément,4_énormément,2_moyennement,3_beaucoup,NA
547,14,homme,149.3725124758252,Oui,3_beaucoup,Non renseigné,1_un peu,0_pas_du_tout,3_beaucoup,2_moyennement,0_pas_du_tout,1_un peu,NA
548,37,femme,162.72446766728183,Non renseigné,2_moyennement,4_énormément,1_un peu,4_énormément,2_moyennement,4_énormément,2_moyennement,Non renseigné,NA
549,79,non binaire,NA,Oui,0_pas_du_tout,3_beaucoup,0_pas_du_tout,0_pas_du_tout,0_pas_du_tout,4_énormément,4_énormément,Non renseigné,NA
550,31,non binaire,NA,Non renseigné,1_un peu,4_énormément,1_un peu,4_énormément,4_énormément,4_énormément,3_beaucoup,2_moyennement,NA
551,22,femme,170.98621258167614,Non,4_énormément,0_pas_du_tout,0_pas_du_tout,1_un peu,3_beaucoup,4_énormément,2_moyennement,Non renseigné,NA
552,43,homme,168.7234721051821,Non renseigné,2_moyennement,2_moyennement,Non renseigné,0_pas_du_tout,3_beaucoup,3_beaucoup,4_énormément,4_énormément,NA
553,60,homme,171.74121501582613,Non,1_un peu,1_un peu,0_pas_du_tout,3_beaucoup,3_beaucoup,1_un peu,1_un peu,Non renseigné,NA
554,5,femme,106.52341535640592,Non renseigné,2_moyennement,2_moyennement,1_un peu,1_un peu,4_énormément,3_beaucoup,0_pas_du_tout,Non renseigné,NA
555,NA,homme,170.2324886508139,Non renseigné,Non renseigné,3_beaucoup,2_moyennement,2_moyennement,Non renseigné,0_pas_du_tout,3_beaucoup,1_un peu,NA
556,54,homme,169.57602060007693,Oui,1_un peu,0_pas_du_tout,1_un peu,1_un peu,4_énormément,Non renseigné,Non renseigné,Non renseigné,NA
557,58,femme,163.1186197381429,Non renseigné,2_moyennement,3_beaucoup,4_énormément,Non renseigné,3_beaucoup,4_énormément,Non renseigné,Non renseigné,NA
558,43,NA,172.30554166984513,Non,1_un peu,2_moyennement,4_énormément,4_énormément,Non renseigné,4_énormément,4_énormément,Non renseigné,NA
559,52,NA,169.7327987637402,Non renseigné,0_pas_du_tout,0_pas_du_tout,2_moyennement,0_pas_du_tout,Non renseigné,2_moyennement,Non renseigné,Non renseigné,NA
560,16,femme,160.1598518226525,Oui,1_un peu,0_pas_du_tout,0_pas_du_tout,2_moyennement,3_beaucoup,Non renseigné,Non renseigné,Non renseigné,NA
561,76,femme,161.75166287405472,Non,3_beaucoup,0_pas_du_tout,0_pas_du_tout,0_pas_du_tout,4_énormément,Non renseigné,3_beaucoup,Non renseigné,NA
562,53,femme,172.49654330882365,Non,3_beaucoup,2_moyennement,4_énormément,0_pas_du_tout,4_énormément,2_moyennement,3_beaucoup,Non renseigné,NA
563,42,homme,172.53085770546906,Oui,Non renseigné,2_moyennement,4_énormément,3_beaucoup,4_énormément,Non renseigné,3_beaucoup,0_pas_du_tout,NA
564,29,femme,162.60984354598907,Non,2_moyennement,1_un peu,Non renseigné,3_beaucoup,3_beaucoup,3_beaucoup,3_beaucoup,2_moyennement,NA
565,71,homme,172.61323816036932,Non,3_beaucoup,4_énormément,2_moyennement,0_pas_du_tout,2_moyennement,4_énormément,Non renseigné,Non renseigné,NA
566,11,femme,135.1431862403616,Oui,2_moyennement,2_moyennement,3_beaucoup,0_pas_du_tout,3_beaucoup,3_beaucoup,2_moyennement,3_beaucoup,NA
567,21,femme,167.54882790095058,Non,3_beaucoup,0_pas_du_tout,2_moyennement,1_un peu,4_énormément,1_un peu,Non renseigné,2_moyennement,NA
568,73,homme,168.23006523522147,Non renseigné,3_beaucoup,Non renseigné,4_énormément,1_un peu,3_beaucoup,4_énormément,1_un peu,Non renseigné,NA
569,3,homme,94.75060945467781,Oui,0_pas_du_tout,3_beaucoup,0_pas_du_tout,1_un peu,4_énormément,2_moyennement,4_énormément,3_beaucoup,NA
570,6,femme,110.14794352763323,Non,1_un peu,0_pas_du_tout,0_pas_du_tout,0_pas_du_tout,4_énormément,3_beaucoup,3_beaucoup,1_un peu,NA
571,11,homme,NA,Oui,2_moyennement,4_énormément,0_pas_du_tout,2_moyennement,2_moyennement,2_moyennement,2_moyennement,Non renseigné,NA
572,76,homme,174.69116649544574,Oui,0_pas_du_tout,2_moyennement,0_pas_du_tout,Non renseigné,0_pas_du_tout,2_moyennement,Non renseigné,4_énormément,NA
573,31,homme,175.72082348998003,Non renseigné,4_énormément,2_moyennement,0_pas_du_tout,2_moyennement,Non renseigné,4_énormément,Non renseigné,Non renseigné,NA
574,74,homme,172.14018143297483,Non renseigné,2_moyennement,3_beaucoup,1_un peu,1_un peu,Non renseigné,3_beaucoup,0_pas_du_tout,1_un peu,NA
575,27,homme,170.5867544960759,Oui,1_un peu,2_moyennement,2_moyennement,2_moyennement,2_moyennement,2_moyennement,1_un peu,3_beaucoup,NA
576,30,femme,NA,Oui,4_énormément,4_énormément,2_moyennement,0_pas_du_tout,4_énormément,4_énormément,4_énormément,Non renseigné,NA
577,48,homme,184.8583441976023,Non renseigné,Non renseigné,2_moyennement,0_pas_du_tout,Non renseigné,3_beaucoup,4_énormément,2_moyennement,Non renseigné,NA
578,76,homme,161.3223777561072,Oui,2_moyennement,3_beaucoup,4_énormément,0_pas_du_tout,3_beaucoup,3_beaucoup,Non renseigné,Non renseigné,NA
579,19,homme,NA,Oui,2_moyennement,Non renseigné,2_moyennement,1_un peu,1_un peu,0_pas_du_tout,3_beaucoup,Non renseigné,NA
580,35,femme,156.23360356111104,Non renseigné,3_beaucoup,3_beaucoup,3_beaucoup,2_moyennement,Non renseigné,4_énormément,3_beaucoup,Non renseigné,NA
581,64,homme,171.5799778088075,Oui,Non renseigné,3_beaucoup,1_un peu,2_moyennement,3_beaucoup,0_pas_du_tout,2_moyennement,4_énormément,NA
582,11,homme,136.00581266782254,Oui,1_un peu,3_beaucoup,1_un peu,3_beaucoup,3_beaucoup,3_beaucoup,3_beaucoup,Non renseigné,NA
583,6,homme,109.51225286321859,Oui,3_beaucoup,1_un peu,0_pas_du_tout,0_pas_du_tout,4_énormément,Non renseigné,1_un peu,2_moyennement,NA
584,57,NA,157.4947566279395,Non,2_moyennement,2_moyennement,3_beaucoup,0_pas_du_tout,4_énormément,4_énormément,3_beaucoup,Non renseigné,NA
585,22,homme,166.67869472637545,Non,3_beaucoup,3_beaucoup,1_un peu,0_pas_du_tout,2_moyennement,Non renseigné,4_énormément,0_pas_du_tout,NA
586,14,homme,150.43009728136974,Oui,1_un peu,Non renseigné,3_beaucoup,2_moyennement,3_beaucoup,4_énormément,Non renseigné,Non renseigné,NA
587,NA,homme,125.11567856984442,Non renseigné,Non renseigné,4_énormément,Non renseigné,4_énormément,2_moyennement,Non renseigné,0_pas_du_tout,Non renseigné,NA
588,7,homme,114.29358732990939,Non renseigné,3_beaucoup,2_moyennement,2_moyennement,4_énormément,Non renseigné,Non renseigné,Non renseigné,2_moyennement,NA
589,28,homme,163.90847218030137,Non,2_moyennement,2_moyennement,0_pas_du_tout,0_pas_du_tout,2_moyennement,2_moyennement,2_moyennement,Non renseigné,NA
590,11,femme,135.209246958696,Non,Non renseigné,1_un peu,0_pas_du_tout,0_pas_du_tout,1_un peu,4_énormément,Non renseigné,Non renseigné,NA
591,73,homme,172.5068214173412,Non renseigné,3_beaucoup,2_moyennement,0_pas_du_tout,3_beaucoup,1_un peu,Non renseigné,2_moyennement,4_énormément,NA
592,NA,non binaire,NA,Oui,0_pas_du_tout,3_beaucoup,0_pas_du_tout,2_moyennement,0_pas_du_tout,0_pas_du_tout,Non renseigné,Non renseigné,NA
593,33,femme,166.05693414109456,Oui,Non renseigné,3_beaucoup,3_beaucoup,0_pas_du_tout,Non renseigné,1_un peu,Non renseigné,4_énormément,NA
594,62,femme,153.64297637534503,Non,2_moyennement,4_énormément,2_moyennement,0_pas_du_tout,Non renseigné,0_pas_du_tout,1_un peu,Non renseigné,NA
595,59,non binaire,NA,Oui,0_pas_du_tout,3_beaucoup,3_beaucoup,0_pas_du_tout,4_énormément,Non renseigné,3_beaucoup,3_beaucoup,NA
596,10,femme,130.32777618867178,Non renseigné,0_pas_du_tout,1_un peu,0_pas_du_tout,2_moyennement,2_moyennement,2_moyennement,1_un peu,Non renseigné,NA
597,62,femme,NA,Non renseigné,4_énormément,1_un peu,Non renseigné,0_pas_du_tout,4_énormément,1_un peu,3_beaucoup,Non renseigné,NA
598,35,homme,172.3243138524605,Oui,3_beaucoup,2_moyennement,3_beaucoup,0_pas_du_tout,4_énormément,3_beaucoup,3_beaucoup,4_énormément,NA
599,44,NA,162.86036260002442,Non renseigné,Non renseigné,1_un peu,2_moyennement,0_pas_du_tout,3_beaucoup,1_un peu,0_pas_du_tout,2_moyennement,NA
600,64,non binaire,NA,Oui,2_moyennement,0_pas_du_tout,1_un peu,0_pas_du_tout,2_moyennement,Non renseigné,4_énormément,Non renseigné,NA
601,65,femme,NA,Non renseigné,2_moyennement,4_énormément,3_beaucoup,0_pas_du_tout,4_énormément,4_énormément,2_moyennement,Non renseigné,NA
602,69,homme,162.47692405333652,Oui,0_pas_du_tout,4_énormément,4_énormément,2_moyennement,1_un peu,2_moyennement,Non renseigné,Non renseigné,NA
603,28,femme,162.07617489925642,Non renseigné,0_pas_du_tout,3_beaucoup,0_pas_du_tout,Non renseigné,4_énormément,Non renseigné,2_moyennement,Non renseigné,NA
604,59,femme,163.04471596247888,Non,0_pas_du_tout,4_énormément,1_un peu,3_beaucoup,0_pas_du_tout,4_énormément,4_énormément,Non renseigné,NA
605,38,femme,167.6355939970859,Non,1_un peu,1_un peu,4_énormément,3_beaucoup,4_énormément,1_un peu,Non renseigné,3_beaucoup,NA
606,49,femme,NA,Non,0_pas_du_tout,2_moyennement,1_un peu,Non renseigné,1_un peu,2_moyennement,3_beaucoup,Non renseigné,NA
607,33,femme,157.07960131422752,Non,2_moyennement,2_moyennement,1_un peu,2_moyennement,1_un peu,4_énormément,Non renseigné,Non renseigné,NA
608,70,femme,165.85735310510012,Non,4_énormément,1_un peu,4_énormément,3_beaucoup,4_énormément,1_un peu,3_beaucoup,Non renseigné,NA
609,24,homme,176.35057724446443,Oui,1_un peu,1_un peu,4_énormément,0_pas_du_tout,4_énormément,0_pas_du_tout,0_pas_du_tout,3_beaucoup,NA
610,50,homme,167.95616426818447,Oui,1_un peu,3_beaucoup,1_un peu,0_pas_du_tout,Non renseigné,4_énormément,3_beaucoup,4_énormément,NA
611,9,homme,122.58971745677343,Oui,1_un peu,Non renseigné,0_pas_du_tout,4_énormément,1_un peu,1_un peu,Non renseigné,4_énormément,NA
612,67,femme,170.53080853694917,Oui,4_énormément,4_énormément,1_un peu,4_énormément,3_beaucoup,3_beaucoup,1_un peu,Non renseigné,NA
613,27,homme,171.7027636073735,Oui,3_beaucoup,0_pas_du_tout,0_pas_du_tout,0_pas_du_tout,4_énormément,4_énormément,2_moyennement,Non renseigné,NA
614,34,femme,155.49787540261588,Non,4_énormément,4_énormément,4_énormément,0_pas_du_tout,0_pas_du_tout,2_moyennement,Non renseigné,Non renseigné,NA
615,46,homme,175.66829399065747,Non renseigné,3_beaucoup,3_beaucoup,4_énormément,0_pas_du_tout,4_énormément,Non renseigné,Non renseigné,Non renseigné,NA
616,8,non binaire,120.02446469552626,Oui,3_beaucoup,1_un peu,3_beaucoup,3_beaucoup,Non renseigné,1_un peu,1_un peu,Non renseigné,NA
617,48,femme,170.36331016193046,Non renseigné,3_beaucoup,0_pas_du_tout,4_énormément,Non renseigné,2_moyennement,2_moyennement,4_énormément,4_énormément,NA
618,NA,femme,140.06325079830845,Non,4_énormément,Non renseigné,0_pas_du_tout,0_pas_du_tout,4_énormément,3_beaucoup,3_beaucoup,Non renseigné,NA
619,49,NA,166.82969286765817,Non renseigné,2_moyennement,1_un peu,1_un peu,2_moyennement,3_beaucoup,4_énormément,0_pas_du_tout,Non renseigné,NA
620,NA,homme,168.31068528649158,Non renseigné,0_pas_du_tout,2_moyennement,1_un peu,1_un peu,0_pas_du_tout,Non renseigné,0_pas_du_tout,Non renseigné,NA
621,NA,homme,167.07319338674654,Oui,1_un peu,2_moyennement,0_pas_du_tout,3_beaucoup,3_beaucoup,Non renseigné,2_moyennement,Non renseigné,NA
622,68,NA,165.11802570316948,Non,Non renseigné,2_moyennement,0_pas_du_tout,1_un peu,4_énormément,3_beaucoup,3_beaucoup,Non renseigné,NA
623,75,femme,162.4056727067773,Non,4_énormément,1_un peu,4_énormément,2_moyennement,Non renseigné,0_pas_du_tout,Non renseigné,Non renseigné,NA
624,33,femme,NA,Non,3_beaucoup,3_beaucoup,3_beaucoup,3_beaucoup,4_énormément,Non renseigné,0_pas_du_tout,Non renseigné,NA
625,6,non binaire,110.20774024326151,Oui,4_énormément,1_un peu,1_un peu,0_pas_du_tout,3_beaucoup,1_un peu,4_énormément,Non renseigné,NA
626,17,homme,NA,Oui,0_pas_du_tout,1_un peu,0_pas_du_tout,0_pas_du_tout,4_énormément,4_énormément,2_moyennement,Non renseigné,NA
627,50,femme,165.88979011076597,Non,3_beaucoup,2_moyennement,1_un peu,0_pas_du_tout,4_énormément,Non renseigné,4_énormément,Non renseigné,NA
628,43,homme,166.50916094092813,Oui,0_pas_du_tout,2_moyennement,4_énormément,0_pas_du_tout,0_pas_du_tout,Non renseigné,0_pas_du_tout,3_beaucoup,NA
629,12,femme,138.73457274502704,Non renseigné,3_beaucoup,1_un peu,3_beaucoup,2_moyennement,1_un peu,3_beaucoup,Non renseigné,1_un peu,NA
630,70,non binaire,NA,Oui,3_beaucoup,1_un peu,0_pas_du_tout,0_pas_du_tout,4_énormément,1_un peu,4_énormément,2_moyennement,NA
631,48,homme,168.09221870152902,Oui,2_moyennement,4_énormément,1_un peu,2_moyennement,Non renseigné,Non renseigné,2_moyennement,Non renseigné,NA
632,59,femme,163.0925479758096,Non,2_moyennement,4_énormément,0_pas_du_tout,1_un peu,3_beaucoup,2_moyennement,3_beaucoup,Non renseigné,NA
633,19,homme,171.93229663944783,Oui,4_énormément,2_moyennement,1_un peu,1_un peu,1_un peu,2_moyennement,3_beaucoup,Non renseigné,NA
634,75,homme,169.801879680688,Non renseigné,0_pas_du_tout,0_pas_du_tout,4_énormément,3_beaucoup,2_moyennement,0_pas_du_tout,3_beaucoup,Non renseigné,NA
635,6,femme,110.48356675073505,Oui,Non renseigné,4_énormément,3_beaucoup,0_pas_du_tout,1_un peu,0_pas_du_tout,4_énormément,Non renseigné,NA
636,69,homme,NA,Non renseigné,0_pas_du_tout,2_moyennement,4_énormément,Non renseigné,Non renseigné,Non renseigné,1_un peu,Non renseigné,NA
637,69,femme,151.091299402422,Non renseigné,3_beaucoup,4_énormément,Non renseigné,3_beaucoup,2_moyennement,Non renseigné,Non renseigné,Non renseigné,NA
638,17,non binaire,164.56404563118633,Non,0_pas_du_tout,0_pas_du_tout,0_pas_du_tout,1_un peu,4_énormément,Non renseigné,1_un peu,1_un peu,NA
639,44,femme,162.99231840471612,Non renseigné,Non renseigné,3_beaucoup,Non renseigné,2_moyennement,3_beaucoup,1_un peu,3_beaucoup,Non renseigné,NA
640,22,homme,174.04654661490676,Oui,Non renseigné,3_beaucoup,2_moyennement,1_un peu,4_énormément,4_énormément,0_pas_du_tout,1_un peu,NA
641,12,homme,138.88185834160313,Non renseigné,0_pas_du_tout,2_moyennement,3_beaucoup,Non renseigné,3_beaucoup,3_beaucoup,4_énormément,2_moyennement,NA
642,52,homme,178.07903401097735,Non,0_pas_du_tout,0_pas_du_tout,0_pas_du_tout,Non renseigné,2_moyennement,Non renseigné,4_énormément,2_moyennement,NA
643,36,homme,170.5837083142804,Non,2_moyennement,0_pas_du_tout,1_un peu,0_pas_du_tout,2_moyennement,1_un peu,2_moyennement,4_énormément,NA
644,34,homme,167.88636226472414,Non renseigné,1_un peu,0_pas_du_tout,3_beaucoup,2_moyennement,Non renseigné,3_beaucoup,4_énormément,4_énormément,NA
645,42,homme,167.59879703131548,Oui,2_moyennement,1_un peu,4_énormément,3_beaucoup,4_énormément,4_énormément,4_énormément,Non renseigné,NA
646,57,homme,173.05658317519118,Non,Non renseigné,4_énormément,2_moyennement,2_moyennement,2_moyennement,Non renseigné,3_beaucoup,Non renseigné,NA
647,30,homme,172.30767438530427,Non,3_beaucoup,4_énormément,3_beaucoup,0_pas_du_tout,Non renseigné,Non renseigné,0_pas_du_tout,Non renseigné,NA
648,NA,homme,155.1201701229663,Oui,2_moyennement,4_énormément,1_un peu,1_un peu,Non renseigné,4_énormément,0_pas_du_tout,1_un peu,NA
649,39,femme,162.47587945496298,Non,0_pas_du_tout,Non renseigné,3_beaucoup,Non renseigné,4_énormément,Non renseigné,4_énormément,Non renseigné,NA
650,NA,femme,164.44063732721972,Non renseigné,4_énormément,4_énormément,2_moyennement,3_beaucoup,2_moyennement,4_énormément,4_énormément,Non renseigné,NA
651,40,femme,169.9649003437109,Non renseigné,0_pas_du_tout,2_moyennement,Non renseigné,0_pas_du_tout,4_énormément,2_moyennement,1_un peu,Non renseigné,NA
652,74,femme,165.96205928177218,Non renseigné,0_pas_du_tout,0_pas_du_tout,0_pas_du_tout,2_moyennement,Non renseigné,0_pas_du_tout,4_énormément,Non renseigné,NA
653,76,NA,162.91595032195076,Non renseigné,2_moyennement,4_énormément,4_énormément,0_pas_du_tout,4_énormément,3_beaucoup,0_pas_du_tout,4_énormément,NA
654,30,femme,169.3500606775849,Non renseigné,4_énormément,1_un peu,0_pas_du_tout,1_un peu,0_pas_du_tout,1_un peu,3_beaucoup,3_beaucoup,NA
655,17,femme,164.98857458649846,Non renseigné,1_un peu,0_pas_du_tout,0_pas_du_tout,Non renseigné,1_un peu,2_moyennement,Non renseigné,Non renseigné,NA
656,38,homme,178.723319392543,Non,0_pas_du_tout,2_moyennement,0_pas_du_tout,Non renseigné,3_beaucoup,3_beaucoup,0_pas_du_tout,Non renseigné,NA
657,73,homme,176.81728790109412,Non renseigné,0_pas_du_tout,2_moyennement,1_un peu,Non renseigné,3_beaucoup,2_moyennement,4_énormément,2_moyennement,NA
658,9,homme,125.15839299122268,Oui,0_pas_du_tout,4_énormément,0_pas_du_tout,0_pas_du_tout,3_beaucoup,3_beaucoup,1_un peu,4_énormément,NA
659,30,femme,158.08959967138904,Non renseigné,1_un peu,1_un peu,1_un peu,3_beaucoup,2_moyennement,1_un peu,Non renseigné,Non renseigné,NA
660,9,homme,123.89871081036796,Oui,2_moyennement,0_pas_du_tout,0_pas_du_tout,1_un peu,2_moyennement,Non renseigné,2_moyennement,3_beaucoup,NA
661,NA,femme,171.73422082903045,Non renseigné,1_un peu,4_énormément,1_un peu,4_énormément,Non renseigné,2_moyennement,2_moyennement,4_énormément,NA
662,27,NA,154.57392132068452,Non,0_pas_du_tout,2_moyennement,0_pas_du_tout,0_pas_du_tout,3_beaucoup,Non renseigné,Non renseigné,Non renseigné,NA
663,77,femme,170.87804163764514,Non,2_moyennement,3_beaucoup,3_beaucoup,0_pas_du_tout,Non renseigné,0_pas_du_tout,0_pas_du_tout,4_énormément,NA
664,68,homme,167.39586469299087,Non,2_moyennement,0_pas_du_tout,1_un peu,1_un peu,3_beaucoup,4_énormément,Non renseigné,Non renseigné,NA
665,61,femme,172.13115927280262,Non,0_pas_du_tout,2_moyennement,0_pas_du_tout,3_beaucoup,Non renseigné,1_un peu,4_énormément,Non renseigné,NA
666,37,femme,160.71366340892607,Non renseigné,2_moyennement,4_énormément,2_moyennement,Non renseigné,Non renseigné,4_énormément,0_pas_du_tout,0_pas_du_tout,NA
667,38,femme,157.06108363730482,Oui,3_beaucoup,1_un peu,2_moyennement,3_beaucoup,1_un peu,2_moyennement,3_beaucoup,3_beaucoup,NA
668,31,femme,152.79201592279796,Non,1_un peu,0_pas_du_tout,4_énormément,2_moyennement,4_énormément,4_énormément,2_moyennement,2_moyennement,NA
669,9,femme,124.8901869957289,Non,0_pas_du_tout,1_un peu,0_pas_du_tout,4_énormément,2_moyennement,3_beaucoup,0_pas_du_tout,Non renseigné,NA
670,52,NA,160.036827342667,Non,Non renseigné,0_pas_du_tout,Non renseigné,Non renseigné,4_énormément,3_beaucoup,3_beaucoup,Non renseigné,NA
671,67,femme,168.69632121966285,Non,3_beaucoup,Non renseigné,4_énormément,1_un peu,Non renseigné,4_énormément,3_beaucoup,1_un peu,NA
672,16,NA,158.07782155831376,Non,3_beaucoup,2_moyennement,2_moyennement,2_moyennement,2_moyennement,1_un peu,1_un peu,Non renseigné,NA
673,36,femme,172.38697815811756,Non,0_pas_du_tout,3_beaucoup,0_pas_du_tout,0_pas_du_tout,Non renseigné,4_énormément,3_beaucoup,2_moyennement,NA
674,77,homme,NA,Non renseigné,3_beaucoup,3_beaucoup,0_pas_du_tout,0_pas_du_tout,4_énormément,2_moyennement,1_un peu,Non renseigné,NA
675,49,non binaire,NA,Non renseigné,Non renseigné,1_un peu,2_moyennement,0_pas_du_tout,1_un peu,0_pas_du_tout,0_pas_du_tout,Non renseigné,NA
676,23,NA,164.3938220970276,Non renseigné,Non renseigné,4_énormément,4_énormément,Non renseigné,4_énormément,2_moyennement,0_pas_du_tout,Non renseigné,NA
677,25,femme,159.39731157317416,Non renseigné,2_moyennement,0_pas_du_tout,1_un peu,0_pas_du_tout,3_beaucoup,1_un peu,0_pas_du_tout,Non renseigné,NA
678,73,femme,160.35463032681977,Non,0_pas_du_tout,3_beaucoup,1_un peu,0_pas_du_tout,Non renseigné,2_moyennement,4_énormément,Non renseigné,NA
679,25,homme,175.89809402924033,Oui,2_moyennement,2_moyennement,4_énormément,2_moyennement,3_beaucoup,4_énormément,Non renseigné,2_moyennement,NA
680,63,homme,175.054916195976,Non,3_beaucoup,1_un peu,Non renseigné,0_pas_du_tout,4_énormément,4_énormément,2_moyennement,3_beaucoup,NA
681,50,femme,176.6169625875066,Non renseigné,0_pas_du_tout,4_énormément,Non renseigné,4_énormément,3_beaucoup,1_un peu,3_beaucoup,Non renseigné,NA
682,64,non binaire,NA,Non renseigné,4_énormément,2_moyennement,3_beaucoup,0_pas_du_tout,Non renseigné,3_beaucoup,Non renseigné,Non renseigné,NA
683,15,femme,156.46194304763296,Non renseigné,1_un peu,3_beaucoup,1_un peu,2_moyennement,3_beaucoup,3_beaucoup,0_pas_du_tout,0_pas_du_tout,NA
684,29,homme,169.72083539317524,Oui,1_un peu,3_beaucoup,2_moyennement,2_moyennement,1_un peu,1_un peu,Non renseigné,2_moyennement,NA
685,NA,NA,120.90057148353665,Non renseigné,1_un peu,2_moyennement,1_un peu,1_un peu,4_énormément,Non renseigné,2_moyennement,Non renseigné,NA
686,51,homme,165.17626057688443,Oui,0_pas_du_tout,1_un peu,1_un peu,3_beaucoup,3_beaucoup,3_beaucoup,3_beaucoup,Non renseigné,NA
687,66,homme,165.14701978967022,Oui,2_moyennement,2_moyennement,0_pas_du_tout,4_énormément,4_énormément,3_beaucoup,0_pas_du_tout,2_moyennement,NA
688,75,homme,NA,Non renseigné,0_pas_du_tout,0_pas_du_tout,2_moyennement,3_beaucoup,4_énormément,2_moyennement,1_un peu,1_un peu,NA
689,75,homme,171.72029823334512,Non,0_pas_du_tout,0_pas_du_tout,0_pas_du_tout,2_moyennement,3_beaucoup,Non renseigné,2_moyennement,Non renseigné,NA
690,6,femme,109.51985943420271,Oui,Non renseigné,1_un peu,0_pas_du_tout,Non renseigné,4_énormément,2_moyennement,4_énormément,Non renseigné,NA
691,NA,homme,166.78699427637207,Non renseigné,0_pas_du_tout,2_moyennement,0_pas_du_tout,2_moyennement,Non renseigné,3_beaucoup,4_énormément,0_pas_du_tout,NA
692,31,femme,167.30673925003842,Non,2_moyennement,2_moyennement,3_beaucoup,0_pas_du_tout,Non renseigné,1_un peu,1_un peu,Non renseigné,NA
693,30,femme,160.7401402035199,Non,2_moyennement,Non renseigné,Non renseigné,3_beaucoup,4_énormément,4_énormément,1_un peu,4_énormément,NA
694,41,femme,165.3581894587384,Non renseigné,4_énormément,1_un peu,1_un peu,1_un peu,Non renseigné,3_beaucoup,Non renseigné,Non renseigné,NA
695,48,NA,171.23885846001184,Oui,0_pas_du_tout,4_énormément,Non renseigné,0_pas_du_tout,3_beaucoup,2_moyennement,0_pas_du_tout,0_pas_du_tout,NA
696,78,femme,161.39874019491083,Non renseigné,4_énormément,4_énormément,4_énormément,1_un peu,1_un peu,3_beaucoup,3_beaucoup,Non renseigné,NA
697,NA,femme,162.80883726433913,Oui,3_beaucoup,1_un peu,1_un peu,3_beaucoup,2_moyennement,3_beaucoup,2_moyennement,4_énormément,NA
698,58,non binaire,NA,Non renseigné,0_pas_du_tout,1_un peu,0_pas_du_tout,0_pas_du_tout,4_énormément,Non renseigné,0_pas_du_tout,Non renseigné,NA
699,22,femme,170.902887729172,Oui,0_pas_du_tout,0_pas_du_tout,2_moyennement,0_pas_du_tout,Non renseigné,3_beaucoup,Non renseigné,Non renseigné,NA
700,35,NA,159.3708843948458,Non renseigné,3_beaucoup,2_moyennement,4_énormément,2_moyennement,4_énormément,2_moyennement,0_pas_du_tout,Non renseigné,NA
701,NA,femme,NA,Oui,4_énormément,0_pas_du_tout,0_pas_du_tout,1_un peu,2_moyennement,1_un peu,2_moyennement,2_moyennement,NA
702,NA,homme,165.6249326971131,Non renseigné,0_pas_du_tout,3_beaucoup,1_un peu,0_pas_du_tout,3_beaucoup,3_beaucoup,0_pas_du_tout,Non renseigné,NA
703,31,homme,165.59351834705006,Non renseigné,0_pas_du_tout,4_énormément,3_beaucoup,0_pas_du_tout,Non renseigné,1_un peu,0_pas_du_tout,3_beaucoup,NA
704,69,non binaire,NA,Non renseigné,3_beaucoup,3_beaucoup,1_un peu,2_moyennement,Non renseigné,0_pas_du_tout,4_énormément,Non renseigné,NA
705,70,homme,173.1513735116431,Non renseigné,1_un peu,4_énormément,Non renseigné,1_un peu,Non renseigné,Non renseigné,4_énormément,Non renseigné,NA
706,68,homme,169.6729460587077,Non renseigné,Non renseigné,Non renseigné,2_moyennement,2_moyennement,2_moyennement,3_beaucoup,Non renseigné,Non renseigné,NA
707,36,femme,170.8530324129225,Non renseigné,4_énormément,4_énormément,3_beaucoup,0_pas_du_tout,Non renseigné,2_moyennement,2_moyennement,Non renseigné,NA
708,8,homme,119.34746832697462,Non renseigné,1_un peu,0_pas_du_tout,0_pas_du_tout,1_un peu,0_pas_du_tout,0_pas_du_tout,4_énormément,2_moyennement,NA
709,51,femme,159.57865831769013,Non renseigné,0_pas_du_tout,3_beaucoup,1_un peu,0_pas_du_tout,4_énormément,3_beaucoup,3_beaucoup,3_beaucoup,NA
710,7,homme,115.03908631670254,Oui,2_moyennement,4_énormément,1_un peu,3_beaucoup,Non renseigné,Non renseigné,2_moyennement,Non renseigné,NA
711,20,femme,169.1683486874048,Non renseigné,3_beaucoup,3_beaucoup,NA,0_pas_du_tout,0_pas_du_tout,3_beaucoup,4_énormément,Non renseigné,NA
712,42,femme,162.55645545551863,Oui,Non renseigné,0_pas_du_tout,2_moyennement,0_pas_du_tout,0_pas_du_tout,Non renseigné,0_pas_du_tout,Non renseigné,NA
713,52,homme,167.96960878222052,Non renseigné,0_pas_du_tout,1_un peu,0_pas_du_tout,3_beaucoup,1_un peu,Non renseigné,0_pas_du_tout,4_énormément,NA
714,60,non binaire,NA,Non renseigné,2_moyennement,3_beaucoup,1_un peu,1_un peu,1_un peu,2_moyennement,4_énormément,0_pas_du_tout,NA
715,59,homme,172.56278793417107,Non renseigné,2_moyennement,0_pas_du_tout,1_un peu,2_moyennement,3_beaucoup,3_beaucoup,Non renseigné,Non renseigné,NA
716,16,femme,160.14255091810213,Non renseigné,3_beaucoup,1_un peu,0_pas_du_tout,1_un peu,Non renseigné,2_moyennement,0_pas_du_tout,4_énormément,NA
717,19,homme,166.06908701904942,Non renseigné,0_pas_du_tout,Non renseigné,0_pas_du_tout,3_beaucoup,3_beaucoup,4_énormément,0_pas_du_tout,Non renseigné,NA
718,16,homme,161.6517395074248,Non renseigné,0_pas_du_tout,1_un peu,0_pas_du_tout,0_pas_du_tout,Non renseigné,1_un peu,1_un peu,2_moyennement,NA
719,37,femme,169.96439801430162,Oui,1_un peu,4_énormément,1_un peu,0_pas_du_tout,0_pas_du_tout,3_beaucoup,2_moyennement,3_beaucoup,NA
720,20,homme,NA,Non,3_beaucoup,2_moyennement,Non renseigné,2_moyennement,2_moyennement,Non renseigné,2_moyennement,Non renseigné,NA
721,50,femme,161.0149387364807,Non renseigné,3_beaucoup,1_un peu,1_un peu,1_un peu,4_énormément,3_beaucoup,3_beaucoup,Non renseigné,NA
722,63,NA,170.53341189031957,Non,2_moyennement,Non renseigné,1_un peu,4_énormément,4_énormément,4_énormément,4_énormément,0_pas_du_tout,NA
723,61,homme,174.18040400250135,Oui,3_beaucoup,2_moyennement,2_moyennement,0_pas_du_tout,3_beaucoup,Non renseigné,1_un peu,Non renseigné,NA
724,79,femme,159.26609035512573,Non renseigné,Non renseigné,3_beaucoup,4_énormément,0_pas_du_tout,3_beaucoup,4_énormément,3_beaucoup,Non renseigné,NA
725,62,femme,157.65150258051094,Non renseigné,Non renseigné,Non renseigné,1_un peu,1_un peu,3_beaucoup,Non renseigné,2_moyennement,4_énormément,NA
726,8,femme,120.02040796542033,Non,1_un peu,0_pas_du_tout,3_beaucoup,0_pas_du_tout,0_pas_du_tout,1_un peu,Non renseigné,Non renseigné,NA
727,48,femme,NA,Non renseigné,1_un peu,2_moyennement,2_moyennement,0_pas_du_tout,3_beaucoup,3_beaucoup,0_pas_du_tout,4_énormément,NA
728,29,femme,158.91265083426177,Non renseigné,3_beaucoup,3_beaucoup,0_pas_du_tout,0_pas_du_tout,Non renseigné,4_énormément,4_énormément,0_pas_du_tout,NA
729,60,femme,165.02187118216946,Non,0_pas_du_tout,4_énormément,0_pas_du_tout,0_pas_du_tout,Non renseigné,Non renseigné,4_énormément,Non renseigné,NA
730,42,femme,167.93443857548237,Non,0_pas_du_tout,2_moyennement,3_beaucoup,4_énormément,4_énormément,3_beaucoup,1_un peu,Non renseigné,NA
731,10,NA,NA,Oui,1_un peu,4_énormément,Non renseigné,2_moyennement,2_moyennement,4_énormément,2_moyennement,Non renseigné,NA
732,48,femme,161.47206915508264,Non renseigné,2_moyennement,0_pas_du_tout,4_énormément,4_énormément,0_pas_du_tout,1_un peu,3_beaucoup,4_énormément,NA
733,54,homme,NA,Non,1_un peu,2_moyennement,2_moyennement,2_moyennement,2_moyennement,Non renseigné,4_énormément,3_beaucoup,NA
734,47,NA,160.4474346208172,Non,1_un peu,2_moyennement,3_beaucoup,0_pas_du_tout,2_moyennement,0_pas_du_tout,0_pas_du_tout,0_pas_du_tout,NA
735,43,femme,162.18391581656647,Non renseigné,3_beaucoup,2_moyennement,0_pas_du_tout,0_pas_du_tout,3_beaucoup,Non renseigné,4_énormément,Non renseigné,NA
736,9,femme,125.17599309509669,Non,2_moyennement,1_un peu,1_un peu,3_beaucoup,4_énormément,4_énormément,4_énormément,Non renseigné,NA
737,75,femme,163.38863916557892,Non renseigné,Non renseigné,0_pas_du_tout,2_moyennement,2_moyennement,3_beaucoup,0_pas_du_tout,Non renseigné,Non renseigné,NA
738,NA,femme,165.84384638595097,Non renseigné,1_un peu,1_un peu,1_un peu,2_moyennement,2_moyennement,2_moyennement,4_énormément,2_moyennement,NA
739,47,homme,169.77384090882035,Non renseigné,1_un peu,4_énormément,Non renseigné,0_pas_du_tout,1_un peu,4_énormément,3_beaucoup,Non renseigné,NA
740,17,femme,164.77514571162502,Non renseigné,1_un peu,0_pas_du_tout,1_un peu,4_énormément,2_moyennement,1_un peu,3_beaucoup,3_beaucoup,NA
741,8,femme,119.69220426242276,Non,4_énormément,0_pas_du_tout,0_pas_du_tout,1_un peu,3_beaucoup,0_pas_du_tout,2_moyennement,2_moyennement,NA
742,75,femme,159.54172264259392,Oui,3_beaucoup,1_un peu,0_pas_du_tout,1_un peu,4_énormément,3_beaucoup,4_énormément,Non renseigné,NA
743,NA,non binaire,NA,Oui,Non renseigné,2_moyennement,1_un peu,3_beaucoup,2_moyennement,3_beaucoup,2_moyennement,Non renseigné,NA
744,26,non binaire,NA,Non renseigné,3_beaucoup,0_pas_du_tout,1_un peu,Non renseigné,4_énormément,4_énormément,1_un peu,Non renseigné,NA
745,NA,non binaire,NA,Non renseigné,0_pas_du_tout,0_pas_du_tout,1_un peu,3_beaucoup,4_énormément,4_énormément,Non renseigné,2_moyennement,NA
746,NA,femme,159.91858136357854,Non renseigné,4_énormément,2_moyennement,0_pas_du_tout,2_moyennement,Non renseigné,4_énormément,2_moyennement,Non renseigné,NA
747,NA,NA,168.4490337873621,Non renseigné,2_moyennement,4_énormément,4_énormément,1_un peu,4_énormément,Non renseigné,4_énormément,Non renseigné,NA
748,21,femme,161.1849652351034,Non renseigné,0_pas_du_tout,0_pas_du_tout,2_moyennement,4_énormément,4_énormément,3_beaucoup,0_pas_du_tout,Non renseigné,NA
749,52,femme,165.1587058568119,Non renseigné,2_moyennement,1_un peu,1_un peu,2_moyennement,Non renseigné,3_beaucoup,4_énormément,Non renseigné,NA
750,16,non binaire,158.57678316884065,Oui,3_beaucoup,0_pas_du_tout,0_pas_du_tout,3_beaucoup,3_beaucoup,Non renseigné,4_énormément,0_pas_du_tout,NA
751,73,homme,162.45875193947086,Non renseigné,2_moyennement,4_énormément,0_pas_du_tout,2_moyennement,4_énormément,2_moyennement,3_beaucoup,Non renseigné,NA
752,7,femme,115.24783336455698,Non,2_moyennement,3_beaucoup,2_moyennement,0_pas_du_tout,Non renseigné,3_beaucoup,Non renseigné,3_beaucoup,NA
753,55,femme,NA,Non,1_un peu,3_beaucoup,Non renseigné,1_un peu,3_beaucoup,4_énormément,1_un peu,Non renseigné,NA
754,16,femme,161.44551481287104,Non renseigné,0_pas_du_tout,1_un peu,0_pas_du_tout,Non renseigné,1_un peu,4_énormément,Non renseigné,Non renseigné,NA
755,46,femme,165.0289184469967,Non renseigné,3_beaucoup,2_moyennement,2_moyennement,2_moyennement,4_énormément,Non renseigné,4_énormément,Non renseigné,NA
756,70,homme,NA,Oui,4_énormément,1_un peu,1_un peu,4_énormément,Non renseigné,Non renseigné,Non renseigné,1_un peu,NA
757,NA,homme,100.27663701690585,Non renseigné,Non renseigné,2_moyennement,0_pas_du_tout,3_beaucoup,Non renseigné,4_énormément,Non renseigné,Non renseigné,NA
758,57,homme,175.77422440108592,Non,1_un peu,1_un peu,0_pas_du_tout,3_beaucoup,Non renseigné,0_pas_du_tout,4_énormément,Non renseigné,NA
759,NA,homme,168.31195081785245,Oui,1_un peu,0_pas_du_tout,1_un peu,4_énormément,3_beaucoup,2_moyennement,2_moyennement,4_énormément,NA
760,8,homme,121.68991208411407,Non renseigné,0_pas_du_tout,1_un peu,0_pas_du_tout,0_pas_du_tout,4_énormément,0_pas_du_tout,4_énormément,3_beaucoup,NA
761,72,homme,NA,Oui,3_beaucoup,2_moyennement,4_énormément,3_beaucoup,2_moyennement,3_beaucoup,Non renseigné,Non renseigné,NA
762,20,homme,175.9904564278502,Non renseigné,1_un peu,2_moyennement,NA,1_un peu,3_beaucoup,1_un peu,1_un peu,Non renseigné,NA
763,55,NA,NA,Non,2_moyennement,2_moyennement,Non renseigné,2_moyennement,4_énormément,3_beaucoup,2_moyennement,Non renseigné,NA
764,11,homme,134.42317984168517,Oui,0_pas_du_tout,Non renseigné,0_pas_du_tout,0_pas_du_tout,4_énormément,2_moyennement,4_énormément,Non renseigné,NA
765,11,homme,133.14024325979705,Oui,1_un peu,3_beaucoup,2_moyennement,2_moyennement,3_beaucoup,4_énormément,4_énormément,Non renseigné,NA
766,54,femme,164.71042762017035,Non renseigné,1_un peu,Non renseigné,0_pas_du_tout,3_beaucoup,4_énormément,4_énormément,2_moyennement,Non renseigné,NA
767,34,femme,165.62769135452217,Non renseigné,2_moyennement,4_énormément,4_énormément,0_pas_du_tout,2_moyennement,2_moyennement,2_moyennement,Non renseigné,NA
768,17,femme,163.92980343245543,Non renseigné,1_un peu,3_beaucoup,1_un peu,1_un peu,Non renseigné,3_beaucoup,3_beaucoup,2_moyennement,NA
769,NA,non binaire,NA,Non renseigné,1_un peu,4_énormément,Non renseigné,0_pas_du_tout,3_beaucoup,0_pas_du_tout,2_moyennement,Non renseigné,NA
770,79,NA,171.90836116103966,Non,2_moyennement,2_moyennement,3_beaucoup,3_beaucoup,Non renseigné,4_énormément,3_beaucoup,1_un peu,NA
771,25,homme,177.22419992905114,Oui,Non renseigné,0_pas_du_tout,4_énormément,3_beaucoup,3_beaucoup,Non renseigné,2_moyennement,Non renseigné,NA
772,38,homme,173.11441738879986,Non renseigné,0_pas_du_tout,4_énormément,3_beaucoup,3_beaucoup,0_pas_du_tout,Non renseigné,2_moyennement,4_énormément,NA
773,27,homme,171.14254698091722,Oui,4_énormément,1_un peu,1_un peu,2_moyennement,4_énormément,0_pas_du_tout,4_énormément,Non renseigné,NA
774,79,femme,164.95695878716433,Oui,Non renseigné,0_pas_du_tout,0_pas_du_tout,0_pas_du_tout,4_énormément,1_un peu,Non renseigné,1_un peu,NA
775,NA,homme,164.1255708406369,Oui,1_un peu,0_pas_du_tout,4_énormément,0_pas_du_tout,4_énormément,Non renseigné,4_énormément,Non renseigné,NA
776,3,NA,96.2655668602957,Non,0_pas_du_tout,Non renseigné,1_un peu,3_beaucoup,3_beaucoup,3_beaucoup,2_moyennement,Non renseigné,NA
777,75,NA,168.43564766795228,Non,3_beaucoup,3_beaucoup,1_un peu,0_pas_du_tout,1_un peu,4_énormément,1_un peu,1_un peu,NA
778,5,femme,103.86190381757336,Non,Non renseigné,0_pas_du_tout,1_un peu,3_beaucoup,1_un peu,1_un peu,2_moyennement,Non renseigné,NA
779,31,homme,177.69657939349696,Non,2_moyennement,3_beaucoup,3_beaucoup,0_pas_du_tout,1_un peu,2_moyennement,4_énormément,Non renseigné,NA
780,NA,homme,165.35773560296818,Non,0_pas_du_tout,Non renseigné,1_un peu,0_pas_du_tout,3_beaucoup,1_un peu,0_pas_du_tout,Non renseigné,NA
781,50,femme,168.9782948322488,Non renseigné,1_un peu,1_un peu,4_énormément,1_un peu,4_énormément,Non renseigné,4_énormément,2_moyennement,NA
782,66,homme,164.6982326493702,Oui,0_pas_du_tout,2_moyennement,0_pas_du_tout,0_pas_du_tout,4_énormément,1_un peu,2_moyennement,1_un peu,NA
783,42,homme,171.22395931347458,Oui,2_moyennement,0_pas_du_tout,1_un peu,2_moyennement,3_beaucoup,Non renseigné,0_pas_du_tout,1_un peu,NA
784,50,homme,167.23952655667682,Non,3_beaucoup,4_énormément,4_énormément,4_énormément,4_énormément,1_un peu,1_un peu,Non renseigné,NA
785,74,femme,169.0545201811982,Non,4_énormément,1_un peu,3_beaucoup,4_énormément,Non renseigné,3_beaucoup,3_beaucoup,Non renseigné,NA
786,55,homme,167.64886332370406,Non renseigné,3_beaucoup,3_beaucoup,1_un peu,2_moyennement,3_beaucoup,3_beaucoup,0_pas_du_tout,Non renseigné,NA
787,NA,femme,165.2840651259228,Non renseigné,0_pas_du_tout,3_beaucoup,2_moyennement,0_pas_du_tout,Non renseigné,2_moyennement,Non renseigné,4_énormément,NA
788,36,femme,162.11310361120917,Oui,3_beaucoup,Non renseigné,0_pas_du_tout,3_beaucoup,Non renseigné,3_beaucoup,2_moyennement,Non renseigné,NA
789,NA,femme,155.40183241607198,Oui,4_énormément,0_pas_du_tout,0_pas_du_tout,0_pas_du_tout,Non renseigné,3_beaucoup,1_un peu,Non renseigné,NA
790,16,femme,NA,Non,4_énormément,4_énormément,0_pas_du_tout,3_beaucoup,1_un peu,4_énormément,3_beaucoup,0_pas_du_tout,NA
791,NA,NA,175.5750089855322,Non renseigné,0_pas_du_tout,2_moyennement,4_énormément,4_énormément,2_moyennement,2_moyennement,1_un peu,Non renseigné,NA
792,7,femme,115.70454178682166,Non renseigné,3_beaucoup,0_pas_du_tout,0_pas_du_tout,3_beaucoup,4_énormément,2_moyennement,4_énormément,2_moyennement,NA
793,27,femme,154.8675079002344,Non,0_pas_du_tout,4_énormément,Non renseigné,0_pas_du_tout,1_un peu,3_beaucoup,0_pas_du_tout,2_moyennement,NA
794,9,non binaire,NA,Oui,3_beaucoup,3_beaucoup,0_pas_du_tout,0_pas_du_tout,Non renseigné,Non renseigné,3_beaucoup,Non renseigné,NA
795,72,homme,171.92513088685973,Oui,2_moyennement,3_beaucoup,1_un peu,2_moyennement,1_un peu,3_beaucoup,2_moyennement,4_énormément,NA
796,39,homme,170.12702263152983,Non renseigné,2_moyennement,0_pas_du_tout,3_beaucoup,1_un peu,Non renseigné,0_pas_du_tout,3_beaucoup,2_moyennement,NA
797,38,femme,159.05078521417983,Non renseigné,1_un peu,2_moyennement,2_moyennement,3_beaucoup,4_énormément,Non renseigné,3_beaucoup,Non renseigné,NA
798,46,femme,NA,Non,0_pas_du_tout,4_énormément,3_beaucoup,0_pas_du_tout,3_beaucoup,Non renseigné,0_pas_du_tout,3_beaucoup,NA
799,56,femme,161.1878783531385,Non renseigné,0_pas_du_tout,4_énormément,4_énormément,Non renseigné,2_moyennement,Non renseigné,3_beaucoup,Non renseigné,NA
800,25,NA,161.30141320586412,Non renseigné,0_pas_du_tout,0_pas_du_tout,2_moyennement,Non renseigné,1_un peu,0_pas_du_tout,Non renseigné,Non renseigné,NA
801,40,homme,172.84537810979722,Oui,4_énormément,3_beaucoup,4_énormément,0_pas_du_tout,3_beaucoup,Non renseigné,4_énormément,Non renseigné,NA
802,70,homme,177.58478714426678,Oui,2_moyennement,4_énormément,1_un peu,0_pas_du_tout,Non renseigné,1_un peu,2_moyennement,Non renseigné,NA
803,10,femme,131.18839019256333,Oui,2_moyennement,0_pas_du_tout,0_pas_du_tout,2_moyennement,2_moyennement,2_moyennement,4_énormément,0_pas_du_tout,NA
804,80,NA,168.40529346432157,Oui,2_moyennement,Non renseigné,1_un peu,2_moyennement,4_énormément,3_beaucoup,Non renseigné,Non renseigné,NA
805,78,NA,171.1194297853586,Non renseigné,2_moyennement,1_un peu,4_énormément,0_pas_du_tout,4_énormément,4_énormément,Non renseigné,Non renseigné,NA
806,53,homme,174.7420126411109,Oui,1_un peu,3_beaucoup,1_un peu,2_moyennement,Non renseigné,2_moyennement,Non renseigné,4_énormément,NA
807,56,femme,159.20486837188815,Non,3_beaucoup,2_moyennement,Non renseigné,0_pas_du_tout,1_un peu,3_beaucoup,Non renseigné,Non renseigné,NA
808,42,homme,161.79912233615187,Non,2_moyennement,Non renseigné,4_énormément,Non renseigné,Non renseigné,Non renseigné,4_énormément,Non renseigné,NA
809,47,femme,169.12349573485886,Non renseigné,4_énormément,4_énormément,3_beaucoup,1_un peu,3_beaucoup,3_beaucoup,0_pas_du_tout,Non renseigné,NA
810,54,homme,168.89542604348833,Non renseigné,Non renseigné,0_pas_du_tout,1_un peu,0_pas_du_tout,4_énormément,3_beaucoup,Non renseigné,1_un peu,NA
811,14,homme,150.58851038779886,Non renseigné,Non renseigné,3_beaucoup,2_moyennement,2_moyennement,Non renseigné,3_beaucoup,Non renseigné,Non renseigné,NA
812,63,femme,163.0787801198161,Non renseigné,2_moyennement,Non renseigné,1_un peu,0_pas_du_tout,3_beaucoup,4_énormément,3_beaucoup,Non renseigné,NA
813,72,femme,160.71786915734663,Non,0_pas_du_tout,Non renseigné,0_pas_du_tout,Non renseigné,3_beaucoup,4_énormément,3_beaucoup,Non renseigné,NA
814,13,femme,145.48432572897565,Non renseigné,0_pas_du_tout,4_énormément,0_pas_du_tout,0_pas_du_tout,4_énormément,0_pas_du_tout,0_pas_du_tout,Non renseigné,NA
815,43,femme,161.80310068301546,Non renseigné,4_énormément,3_beaucoup,3_beaucoup,0_pas_du_tout,Non renseigné,4_énormément,0_pas_du_tout,Non renseigné,NA
816,33,femme,NA,Non,4_énormément,2_moyennement,1_un peu,0_pas_du_tout,Non renseigné,1_un peu,0_pas_du_tout,4_énormément,NA
817,71,femme,163.6215824753392,Non renseigné,2_moyennement,4_énormément,0_pas_du_tout,3_beaucoup,Non renseigné,2_moyennement,Non renseigné,2_moyennement,NA
818,43,femme,163.2173238604951,Non renseigné,3_beaucoup,4_énormément,4_énormément,4_énormément,Non renseigné,3_beaucoup,0_pas_du_tout,0_pas_du_tout,NA
819,39,femme,164.69641513727498,Non,2_moyennement,1_un peu,1_un peu,4_énormément,4_énormément,4_énormément,4_énormément,Non renseigné,NA
820,71,NA,NA,Non renseigné,4_énormément,0_pas_du_tout,1_un peu,Non renseigné,Non renseigné,Non renseigné,3_beaucoup,3_beaucoup,NA
821,58,femme,164.59043661255333,Non,0_pas_du_tout,Non renseigné,3_beaucoup,2_moyennement,1_un peu,Non renseigné,Non renseigné,Non renseigné,NA
822,46,femme,163.6710028163407,Non renseigné,2_moyennement,2_moyennement,2_moyennement,1_un peu,3_beaucoup,Non renseigné,3_beaucoup,1_un peu,NA
823,38,homme,171.80151189685347,Non renseigné,1_un peu,3_beaucoup,0_pas_du_tout,2_moyennement,1_un peu,4_énormément,Non renseigné,Non renseigné,NA
824,20,homme,164.25867373394627,Non renseigné,Non renseigné,4_énormément,Non renseigné,4_énormément,1_un peu,3_beaucoup,1_un peu,Non renseigné,NA
825,34,non binaire,NA,Non,1_un peu,4_énormément,4_énormément,2_moyennement,1_un peu,1_un peu,4_énormément,Non renseigné,NA
826,12,femme,140.19821217323897,Non renseigné,1_un peu,4_énormément,2_moyennement,0_pas_du_tout,3_beaucoup,0_pas_du_tout,3_beaucoup,1_un peu,NA
827,25,femme,156.49146569273753,Non renseigné,2_moyennement,3_beaucoup,4_énormément,0_pas_du_tout,4_énormément,1_un peu,0_pas_du_tout,2_moyennement,NA
828,32,femme,NA,Oui,4_énormément,Non renseigné,0_pas_du_tout,0_pas_du_tout,Non renseigné,2_moyennement,4_énormément,Non renseigné,NA
829,NA,femme,174.0995110034888,Non,2_moyennement,3_beaucoup,2_moyennement,0_pas_du_tout,3_beaucoup,4_énormément,1_un peu,Non renseigné,NA
830,18,homme,170.20946147488365,Oui,Non renseigné,2_moyennement,3_beaucoup,Non renseigné,3_beaucoup,Non renseigné,Non renseigné,2_moyennement,NA
831,75,femme,169.40108660392008,Non,0_pas_du_tout,0_pas_du_tout,4_énormément,Non renseigné,1_un peu,Non renseigné,3_beaucoup,2_moyennement,NA
832,75,homme,167.44644701279873,Oui,0_pas_du_tout,2_moyennement,2_moyennement,4_énormément,2_moyennement,3_beaucoup,0_pas_du_tout,Non renseigné,NA
833,61,femme,165.42407051255316,Non renseigné,0_pas_du_tout,0_pas_du_tout,2_moyennement,3_beaucoup,Non renseigné,Non renseigné,4_énormément,Non renseigné,NA
834,26,femme,158.02086676788932,Non,Non renseigné,Non renseigné,2_moyennement,2_moyennement,4_énormément,2_moyennement,Non renseigné,Non renseigné,NA
835,15,femme,154.24454854197506,Non,3_beaucoup,4_énormément,3_beaucoup,0_pas_du_tout,1_un peu,3_beaucoup,2_moyennement,2_moyennement,NA
836,41,homme,168.62526309840615,Non renseigné,3_beaucoup,0_pas_du_tout,1_un peu,1_un peu,0_pas_du_tout,2_moyennement,Non renseigné,2_moyennement,NA
837,38,femme,158.7270365764689,Oui,4_énormément,3_beaucoup,1_un peu,Non renseigné,1_un peu,3_beaucoup,1_un peu,0_pas_du_tout,NA
838,36,homme,165.1765101784432,Oui,Non renseigné,0_pas_du_tout,4_énormément,0_pas_du_tout,4_énormément,2_moyennement,0_pas_du_tout,0_pas_du_tout,NA
839,5,femme,104.36662821249365,Non,4_énormément,2_moyennement,3_beaucoup,Non renseigné,Non renseigné,1_un peu,2_moyennement,Non renseigné,NA
840,36,femme,163.1085021831786,Non renseigné,Non renseigné,0_pas_du_tout,3_beaucoup,1_un peu,1_un peu,4_énormément,3_beaucoup,Non renseigné,NA
841,NA,homme,NA,Non renseigné,1_un peu,1_un peu,3_beaucoup,0_pas_du_tout,2_moyennement,Non renseigné,4_énormément,Non renseigné,NA
842,5,femme,105.75060924443717,Non renseigné,0_pas_du_tout,4_énormément,0_pas_du_tout,0_pas_du_tout,4_énormément,Non renseigné,1_un peu,Non renseigné,NA
843,33,femme,164.07024383462627,Non,4_énormément,2_moyennement,3_beaucoup,0_pas_du_tout,3_beaucoup,Non renseigné,0_pas_du_tout,Non renseigné,NA
844,40,femme,NA,Oui,1_un peu,2_moyennement,0_pas_du_tout,3_beaucoup,1_un peu,4_énormément,0_pas_du_tout,4_énormément,NA
845,49,NA,168.96026008729433,Oui,0_pas_du_tout,Non renseigné,1_un peu,3_beaucoup,2_moyennement,3_beaucoup,Non renseigné,0_pas_du_tout,NA
846,41,femme,172.66630117071168,Non,1_un peu,2_moyennement,0_pas_du_tout,3_beaucoup,Non renseigné,4_énormément,0_pas_du_tout,Non renseigné,NA
847,35,homme,169.35534339134918,Non renseigné,1_un peu,3_beaucoup,0_pas_du_tout,2_moyennement,2_moyennement,4_énormément,1_un peu,Non renseigné,NA
848,70,homme,164.0866016959537,Oui,0_pas_du_tout,1_un peu,0_pas_du_tout,0_pas_du_tout,2_moyennement,3_beaucoup,1_un peu,1_un peu,NA
849,55,femme,161.1203696038062,Non,0_pas_du_tout,1_un peu,1_un peu,2_moyennement,1_un peu,3_beaucoup,4_énormément,2_moyennement,NA
850,66,homme,181.02878507728198,Oui,0_pas_du_tout,4_énormément,1_un peu,Non renseigné,Non renseigné,Non renseigné,4_énormément,0_pas_du_tout,NA
851,23,non binaire,NA,Oui,3_beaucoup,4_énormément,0_pas_du_tout,3_beaucoup,2_moyennement,0_pas_du_tout,4_énormément,Non renseigné,NA
852,62,homme,165.08542631898004,Non renseigné,4_énormément,2_moyennement,3_beaucoup,2_moyennement,3_beaucoup,3_beaucoup,4_énormément,3_beaucoup,NA
853,NA,femme,164.20507623095793,Non renseigné,1_un peu,3_beaucoup,3_beaucoup,0_pas_du_tout,4_énormément,Non renseigné,2_moyennement,4_énormément,NA
854,34,femme,158.54521603202005,Non renseigné,0_pas_du_tout,0_pas_du_tout,1_un peu,1_un peu,Non renseigné,3_beaucoup,4_énormément,4_énormément,NA
855,7,non binaire,114.50752024207016,Oui,Non renseigné,2_moyennement,3_beaucoup,0_pas_du_tout,0_pas_du_tout,Non renseigné,1_un peu,Non renseigné,NA
856,19,homme,171.48417890771339,Oui,1_un peu,2_moyennement,1_un peu,1_un peu,Non renseigné,1_un peu,3_beaucoup,Non renseigné,NA
857,59,femme,171.04599570742116,Non renseigné,2_moyennement,2_moyennement,1_un peu,2_moyennement,2_moyennement,Non renseigné,1_un peu,Non renseigné,NA
858,48,homme,NA,Oui,0_pas_du_tout,0_pas_du_tout,Non renseigné,1_un peu,Non renseigné,4_énormément,1_un peu,Non renseigné,NA
859,61,femme,161.95305245643047,Non,Non renseigné,4_énormément,1_un peu,Non renseigné,Non renseigné,Non renseigné,Non renseigné,Non renseigné,NA
860,29,femme,160.35430129068317,Non,4_énormément,2_moyennement,1_un peu,0_pas_du_tout,4_énormément,1_un peu,0_pas_du_tout,Non renseigné,NA
861,40,NA,178.637261545445,Oui,0_pas_du_tout,2_moyennement,0_pas_du_tout,Non renseigné,3_beaucoup,Non renseigné,Non renseigné,1_un peu,NA
862,37,femme,NA,Non renseigné,0_pas_du_tout,1_un peu,4_énormément,1_un peu,Non renseigné,2_moyennement,3_beaucoup,1_un peu,NA
863,23,femme,164.62308444890522,Non,4_énormément,3_beaucoup,3_beaucoup,0_pas_du_tout,4_énormément,4_énormément,Non renseigné,3_beaucoup,NA
864,14,homme,149.6422629850792,Oui,Non renseigné,3_beaucoup,0_pas_du_tout,Non renseigné,2_moyennement,4_énormément,0_pas_du_tout,2_moyennement,NA
865,35,femme,170.45484081348434,Non renseigné,3_beaucoup,3_beaucoup,0_pas_du_tout,1_un peu,2_moyennement,1_un peu,Non renseigné,3_beaucoup,NA
866,73,femme,168.5915210338316,Non,1_un peu,4_énormément,0_pas_du_tout,0_pas_du_tout,3_beaucoup,3_beaucoup,3_beaucoup,0_pas_du_tout,NA
867,NA,NA,160.92508662902105,Non renseigné,Non renseigné,1_un peu,0_pas_du_tout,3_beaucoup,1_un peu,Non renseigné,4_énormément,4_énormément,NA
868,63,homme,177.80947180227432,Oui,2_moyennement,2_moyennement,4_énormément,Non renseigné,0_pas_du_tout,Non renseigné,4_énormément,0_pas_du_tout,NA
869,NA,femme,166.39524680737824,Non renseigné,2_moyennement,1_un peu,3_beaucoup,0_pas_du_tout,4_énormément,Non renseigné,Non renseigné,Non renseigné,NA
870,42,femme,160.92747570737086,Non renseigné,1_un peu,2_moyennement,3_beaucoup,0_pas_du_tout,4_énormément,3_beaucoup,3_beaucoup,Non renseigné,NA
871,36,femme,166.12681309821394,Non,3_beaucoup,Non renseigné,1_un peu,4_énormément,Non renseigné,Non renseigné,0_pas_du_tout,Non renseigné,NA
872,49,NA,168.92714374860003,Non,2_moyennement,3_beaucoup,0_pas_du_tout,2_moyennement,1_un peu,3_beaucoup,1_un peu,Non renseigné,NA
873,NA,femme,158.8116406174601,Non,2_moyennement,4_énormément,1_un peu,3_beaucoup,2_moyennement,4_énormément,0_pas_du_tout,0_pas_du_tout,NA
874,71,femme,169.27722486828233,Non renseigné,Non renseigné,4_énormément,1_un peu,4_énormément,Non renseigné,2_moyennement,2_moyennement,2_moyennement,NA
875,22,NA,172.55392036576848,Non,Non renseigné,1_un peu,0_pas_du_tout,1_un peu,2_moyennement,2_moyennement,Non renseigné,Non renseigné,NA
876,NA,femme,169.41161567624616,Non,0_pas_du_tout,0_pas_du_tout,3_beaucoup,0_pas_du_tout,3_beaucoup,4_énormément,3_beaucoup,Non renseigné,NA
877,56,homme,165.63330763234362,Oui,2_moyennement,2_moyennement,Non renseigné,Non renseigné,4_énormément,1_un peu,4_énormément,Non renseigné,NA
878,10,femme,128.55462159547963,Non renseigné,2_moyennement,0_pas_du_tout,0_pas_du_tout,Non renseigné,2_moyennement,Non renseigné,0_pas_du_tout,Non renseigné,NA
879,55,femme,166.6825315105173,Non,1_un peu,4_énormément,3_beaucoup,4_énormément,2_moyennement,4_énormément,2_moyennement,Non renseigné,NA
880,9,homme,123.14371875363057,Oui,3_beaucoup,1_un peu,3_beaucoup,0_pas_du_tout,Non renseigné,3_beaucoup,Non renseigné,0_pas_du_tout,NA
881,9,non binaire,NA,Oui,2_moyennement,1_un peu,1_un peu,1_un peu,3_beaucoup,Non renseigné,2_moyennement,Non renseigné,NA
882,26,homme,166.66106375485955,Non renseigné,3_beaucoup,4_énormément,Non renseigné,2_moyennement,0_pas_du_tout,2_moyennement,2_moyennement,2_moyennement,NA
883,47,femme,166.15578289101805,Non,3_beaucoup,1_un peu,Non renseigné,4_énormément,1_un peu,4_énormément,4_énormément,1_un peu,NA
884,17,homme,166.67849316294516,Oui,1_un peu,2_moyennement,1_un peu,2_moyennement,Non renseigné,4_énormément,Non renseigné,0_pas_du_tout,NA
885,8,femme,119.81733072983386,Non renseigné,1_un peu,0_pas_du_tout,2_moyennement,0_pas_du_tout,Non renseigné,4_énormément,Non renseigné,Non renseigné,NA
886,20,femme,165.7308185171163,Oui,0_pas_du_tout,1_un peu,NA,0_pas_du_tout,4_énormément,1_un peu,0_pas_du_tout,Non renseigné,NA
887,73,femme,160.95261259700695,Oui,2_moyennement,0_pas_du_tout,1_un peu,0_pas_du_tout,0_pas_du_tout,1_un peu,1_un peu,Non renseigné,NA
888,31,femme,153.4006763051842,Non renseigné,2_moyennement,0_pas_du_tout,4_énormément,0_pas_du_tout,3_beaucoup,1_un peu,Non renseigné,3_beaucoup,NA
889,18,femme,168.74437802593567,Non,1_un peu,0_pas_du_tout,1_un peu,2_moyennement,3_beaucoup,Non renseigné,1_un peu,Non renseigné,NA
890,68,homme,168.92034013409153,Non renseigné,1_un peu,3_beaucoup,1_un peu,1_un peu,1_un peu,Non renseigné,Non renseigné,Non renseigné,NA
891,NA,non binaire,NA,Oui,3_beaucoup,4_énormément,3_beaucoup,1_un peu,4_énormément,4_énormément,2_moyennement,4_énormément,NA
892,65,NA,164.4116040585272,Non renseigné,4_énormément,3_beaucoup,1_un peu,3_beaucoup,1_un peu,2_moyennement,3_beaucoup,Non renseigné,NA
893,49,NA,174.68765165298535,Non renseigné,3_beaucoup,0_pas_du_tout,1_un peu,3_beaucoup,1_un peu,1_un peu,0_pas_du_tout,1_un peu,NA
894,48,homme,160.20128801450326,Oui,2_moyennement,3_beaucoup,Non renseigné,0_pas_du_tout,3_beaucoup,Non renseigné,1_un peu,1_un peu,NA
895,73,femme,156.39606285408064,Non renseigné,2_moyennement,3_beaucoup,0_pas_du_tout,3_beaucoup,4_énormément,4_énormément,3_beaucoup,1_un peu,NA
896,9,femme,123.31492916138826,Oui,4_énormément,0_pas_du_tout,0_pas_du_tout,2_moyennement,1_un peu,4_énormément,1_un peu,4_énormément,NA
897,NA,NA,NA,Non,3_beaucoup,1_un peu,1_un peu,4_énormément,Non renseigné,0_pas_du_tout,0_pas_du_tout,1_un peu,NA
898,10,NA,131.0782788561933,Non,2_moyennement,2_moyennement,1_un peu,2_moyennement,3_beaucoup,3_beaucoup,0_pas_du_tout,1_un peu,NA
899,31,femme,162.36375974548756,Oui,1_un peu,1_un peu,3_beaucoup,0_pas_du_tout,0_pas_du_tout,3_beaucoup,0_pas_du_tout,4_énormément,NA
900,73,femme,160.2567659090395,Non,4_énormément,1_un peu,4_énormément,0_pas_du_tout,Non renseigné,4_énormément,Non renseigné,Non renseigné,NA
901,63,femme,158.3395230392679,Non,0_pas_du_tout,1_un peu,1_un peu,0_pas_du_tout,3_beaucoup,1_un peu,2_moyennement,2_moyennement,NA
902,70,femme,157.25613028056142,Non,4_énormément,2_moyennement,2_moyennement,0_pas_du_tout,3_beaucoup,2_moyennement,3_beaucoup,Non renseigné,NA
903,5,femme,NA,Non,2_moyennement,Non renseigné,Non renseigné,Non renseigné,4_énormément,2_moyennement,2_moyennement,Non renseigné,NA
904,19,homme,167.34408209956146,Oui,0_pas_du_tout,3_beaucoup,0_pas_du_tout,0_pas_du_tout,Non renseigné,1_un peu,1_un peu,Non renseigné,NA
905,74,NA,172.7728238432935,Non renseigné,1_un peu,3_beaucoup,2_moyennement,1_un peu,2_moyennement,3_beaucoup,4_énormément,2_moyennement,NA
906,62,femme,162.0480667878806,Non renseigné,4_énormément,Non renseigné,1_un peu,0_pas_du_tout,3_beaucoup,Non renseigné,Non renseigné,Non renseigné,NA
907,32,homme,189.03087371984648,Non renseigné,1_un peu,2_moyennement,3_beaucoup,0_pas_du_tout,3_beaucoup,2_moyennement,0_pas_du_tout,4_énormément,NA
908,62,femme,174.25750012144366,Non,2_moyennement,3_beaucoup,1_un peu,4_énormément,Non renseigné,1_un peu,1_un peu,2_moyennement,NA
909,41,homme,174.23812654458914,Non renseigné,2_moyennement,3_beaucoup,3_beaucoup,2_moyennement,3_beaucoup,1_un peu,4_énormément,0_pas_du_tout,NA
910,45,femme,166.35396066448544,Non renseigné,4_énormément,4_énormément,0_pas_du_tout,0_pas_du_tout,0_pas_du_tout,4_énormément,3_beaucoup,3_beaucoup,NA
911,41,femme,161.17766736120043,Non renseigné,2_moyennement,3_beaucoup,Non renseigné,0_pas_du_tout,3_beaucoup,Non renseigné,0_pas_du_tout,Non renseigné,NA
912,19,femme,165.13722489348143,Non renseigné,1_un peu,4_énormément,3_beaucoup,4_énormément,4_énormément,4_énormément,1_un peu,1_un peu,NA
913,74,femme,160.88364372870384,Non,1_un peu,Non renseigné,2_moyennement,3_beaucoup,Non renseigné,3_beaucoup,Non renseigné,Non renseigné,NA
914,12,femme,141.38036527323027,Non renseigné,4_énormément,4_énormément,2_moyennement,4_énormément,3_beaucoup,2_moyennement,Non renseigné,2_moyennement,NA
915,60,NA,171.9225658904657,Non renseigné,3_beaucoup,0_pas_du_tout,1_un peu,Non renseigné,Non renseigné,Non renseigné,3_beaucoup,Non renseigné,NA
916,39,femme,165.52580053245316,Non renseigné,0_pas_du_tout,3_beaucoup,1_un peu,0_pas_du_tout,Non renseigné,2_moyennement,3_beaucoup,Non renseigné,NA
917,76,femme,165.30279106203508,Non renseigné,1_un peu,Non renseigné,0_pas_du_tout,0_pas_du_tout,Non renseigné,3_beaucoup,4_énormément,4_énormément,NA
918,44,femme,173.77486846445265,Non,2_moyennement,4_énormément,4_énormément,4_énormément,4_énormément,1_un peu,Non renseigné,Non renseigné,NA
919,52,homme,168.20542342833846,Non renseigné,Non renseigné,Non renseigné,2_moyennement,0_pas_du_tout,3_beaucoup,3_beaucoup,3_beaucoup,3_beaucoup,NA
920,19,homme,174.00865488687558,Oui,2_moyennement,4_énormément,0_pas_du_tout,2_moyennement,4_énormément,4_énormément,1_un peu,Non renseigné,NA
921,79,homme,171.58051416679564,Non,1_un peu,1_un peu,0_pas_du_tout,2_moyennement,1_un peu,1_un peu,4_énormément,0_pas_du_tout,NA
922,20,femme,168.82456913033,Oui,3_beaucoup,2_moyennement,NA,1_un peu,3_beaucoup,4_énormément,Non renseigné,0_pas_du_tout,NA
923,26,homme,172.65427988329876,Oui,1_un peu,4_énormément,4_énormément,3_beaucoup,Non renseigné,2_moyennement,0_pas_du_tout,Non renseigné,NA
924,78,non binaire,NA,Non,2_moyennement,4_énormément,4_énormément,4_énormément,4_énormément,1_un peu,3_beaucoup,Non renseigné,NA
925,54,femme,165.02680419183073,Non,4_énormément,0_pas_du_tout,0_pas_du_tout,3_beaucoup,2_moyennement,3_beaucoup,1_un peu,Non renseigné,NA
926,5,femme,105.77194113098,Non,Non renseigné,3_beaucoup,1_un peu,4_énormément,3_beaucoup,2_moyennement,0_pas_du_tout,Non renseigné,NA
927,30,femme,163.04520071069211,Non,1_un peu,2_moyennement,2_moyennement,2_moyennement,Non renseigné,4_énormément,4_énormément,Non renseigné,NA
928,9,femme,121.9368428278515,Oui,2_moyennement,3_beaucoup,Non renseigné,0_pas_du_tout,4_énormément,3_beaucoup,2_moyennement,3_beaucoup,NA
929,61,homme,178.27289566401228,Oui,0_pas_du_tout,2_moyennement,2_moyennement,1_un peu,1_un peu,2_moyennement,0_pas_du_tout,Non renseigné,NA
930,14,femme,150.31183857981918,Non,Non renseigné,4_énormément,3_beaucoup,0_pas_du_tout,4_énormément,2_moyennement,2_moyennement,Non renseigné,NA
931,51,homme,166.7660743401562,Non renseigné,0_pas_du_tout,3_beaucoup,4_énormément,2_moyennement,0_pas_du_tout,2_moyennement,1_un peu,Non renseigné,NA
932,56,femme,166.8917605973735,Non,3_beaucoup,4_énormément,4_énormément,2_moyennement,2_moyennement,2_moyennement,4_énormément,4_énormément,NA
933,48,homme,161.85801620360334,Non renseigné,3_beaucoup,3_beaucoup,Non renseigné,4_énormément,4_énormément,Non renseigné,2_moyennement,Non renseigné,NA
934,57,femme,166.79474628110756,Oui,0_pas_du_tout,Non renseigné,3_beaucoup,Non renseigné,Non renseigné,3_beaucoup,4_énormément,2_moyennement,NA
935,21,femme,163.41470584393912,Non renseigné,0_pas_du_tout,2_moyennement,3_beaucoup,Non renseigné,1_un peu,Non renseigné,1_un peu,Non renseigné,NA
936,64,femme,166.3757933821371,Non renseigné,4_énormément,4_énormément,3_beaucoup,2_moyennement,2_moyennement,Non renseigné,Non renseigné,4_énormément,NA
937,52,femme,162.49556599004504,Non,0_pas_du_tout,2_moyennement,4_énormément,4_énormément,2_moyennement,3_beaucoup,2_moyennement,3_beaucoup,NA
938,43,homme,166.26982900139703,Non,3_beaucoup,0_pas_du_tout,4_énormément,0_pas_du_tout,4_énormément,1_un peu,0_pas_du_tout,3_beaucoup,NA
939,55,homme,175.13677231498616,Non renseigné,0_pas_du_tout,2_moyennement,4_énormément,3_beaucoup,3_beaucoup,Non renseigné,2_moyennement,Non renseigné,NA
940,19,NA,170.94941570803235,Non renseigné,0_pas_du_tout,3_beaucoup,1_un peu,3_beaucoup,0_pas_du_tout,Non renseigné,2_moyennement,3_beaucoup,NA
941,76,femme,163.18703024985328,Non renseigné,3_beaucoup,Non renseigné,2_moyennement,2_moyennement,2_moyennement,0_pas_du_tout,Non renseigné,Non renseigné,NA
942,18,femme,171.26168552341156,Non,3_beaucoup,0_pas_du_tout,1_un peu,Non renseigné,4_énormément,4_énormément,1_un peu,Non renseigné,NA
943,77,NA,174.66855690293417,Oui,3_beaucoup,2_moyennement,1_un peu,0_pas_du_tout,2_moyennement,3_beaucoup,3_beaucoup,Non renseigné,NA
944,20,homme,NA,Non,0_pas_du_tout,0_pas_du_tout,NA,1_un peu,3_beaucoup,Non renseigné,1_un peu,0_pas_du_tout,NA
945,NA,femme,167.3006815530315,Non renseigné,2_moyennement,4_énormément,0_pas_du_tout,Non renseigné,0_pas_du_tout,3_beaucoup,4_énormément,Non renseigné,NA
946,9,femme,124.46325968030519,Oui,0_pas_du_tout,2_moyennement,0_pas_du_tout,1_un peu,0_pas_du_tout,3_beaucoup,0_pas_du_tout,Non renseigné,NA
947,67,homme,181.07687713737326,Non renseigné,4_énormément,4_énormément,4_énormément,0_pas_du_tout,Non renseigné,3_beaucoup,3_beaucoup,Non renseigné,NA
948,73,femme,163.13742003270872,Non,3_beaucoup,1_un peu,2_moyennement,0_pas_du_tout,1_un peu,Non renseigné,3_beaucoup,Non renseigné,NA
949,NA,homme,167.2352723428901,Oui,4_énormément,3_beaucoup,1_un peu,1_un peu,4_énormément,2_moyennement,1_un peu,Non renseigné,NA
950,35,femme,169.33946053644308,Non renseigné,1_un peu,1_un peu,2_moyennement,0_pas_du_tout,3_beaucoup,1_un peu,Non renseigné,Non renseigné,NA
951,22,non binaire,NA,Oui,Non renseigné,1_un peu,1_un peu,2_moyennement,Non renseigné,4_énormément,1_un peu,Non renseigné,NA
952,54,NA,NA,Oui,3_beaucoup,1_un peu,2_moyennement,3_beaucoup,Non renseigné,3_beaucoup,Non renseigné,Non renseigné,NA
953,20,femme,159.3381435014308,Non renseigné,1_un peu,2_moyennement,NA,1_un peu,4_énormément,1_un peu,Non renseigné,Non renseigné,NA
954,7,femme,113.66277004145044,Non,0_pas_du_tout,2_moyennement,0_pas_du_tout,1_un peu,Non renseigné,3_beaucoup,Non renseigné,3_beaucoup,NA
955,62,homme,169.25515587160103,Non,1_un peu,4_énormément,2_moyennement,2_moyennement,2_moyennement,1_un peu,2_moyennement,4_énormément,NA
956,19,homme,175.46646162207614,Oui,4_énormément,4_énormément,0_pas_du_tout,Non renseigné,4_énormément,1_un peu,Non renseigné,Non renseigné,NA
957,48,femme,165.25294269605214,Non renseigné,4_énormément,3_beaucoup,1_un peu,3_beaucoup,0_pas_du_tout,4_énormément,Non renseigné,Non renseigné,NA
958,9,homme,124.69629071689113,Non renseigné,2_moyennement,2_moyennement,0_pas_du_tout,1_un peu,Non renseigné,Non renseigné,0_pas_du_tout,4_énormément,NA
959,58,homme,167.67900606444044,Non,0_pas_du_tout,2_moyennement,1_un peu,Non renseigné,4_énormément,4_énormément,Non renseigné,2_moyennement,NA
960,44,NA,168.51426760945708,Non renseigné,3_beaucoup,2_moyennement,3_beaucoup,0_pas_du_tout,3_beaucoup,1_un peu,0_pas_du_tout,Non renseigné,NA
961,34,homme,161.78918835737477,Non renseigné,1_un peu,4_énormément,0_pas_du_tout,4_énormément,Non renseigné,3_beaucoup,4_énormément,Non renseigné,NA
962,16,non binaire,NA,Non renseigné,4_énormément,0_pas_du_tout,0_pas_du_tout,4_énormément,Non renseigné,1_un peu,1_un peu,Non renseigné,NA
963,6,non binaire,109.97659622164771,Oui,1_un peu,4_énormément,0_pas_du_tout,Non renseigné,4_énormément,4_énormément,0_pas_du_tout,Non renseigné,NA
964,8,femme,119.39499229376268,Non renseigné,2_moyennement,4_énormément,1_un peu,0_pas_du_tout,3_beaucoup,2_moyennement,0_pas_du_tout,4_énormément,NA
965,49,femme,157.93455047092496,Non renseigné,0_pas_du_tout,1_un peu,2_moyennement,0_pas_du_tout,2_moyennement,Non renseigné,1_un peu,3_beaucoup,NA
966,34,homme,176.8853312431532,Oui,0_pas_du_tout,1_un peu,1_un peu,0_pas_du_tout,1_un peu,4_énormément,3_beaucoup,Non renseigné,NA
967,76,homme,166.04924209122186,Oui,2_moyennement,3_beaucoup,2_moyennement,0_pas_du_tout,3_beaucoup,3_beaucoup,Non renseigné,Non renseigné,NA
968,21,homme,172.18427129261633,Non,1_un peu,4_énormément,Non renseigné,0_pas_du_tout,3_beaucoup,3_beaucoup,3_beaucoup,2_moyennement,NA
969,33,homme,163.91973420085324,Non,0_pas_du_tout,2_moyennement,3_beaucoup,3_beaucoup,Non renseigné,3_beaucoup,Non renseigné,Non renseigné,NA
970,38,homme,166.27709437304577,Oui,0_pas_du_tout,4_énormément,Non renseigné,2_moyennement,0_pas_du_tout,Non renseigné,Non renseigné,Non renseigné,NA
971,49,homme,172.79045636598715,Oui,4_énormément,2_moyennement,4_énormément,0_pas_du_tout,4_énormément,1_un peu,2_moyennement,1_un peu,NA
972,39,homme,NA,Non renseigné,2_moyennement,2_moyennement,0_pas_du_tout,Non renseigné,3_beaucoup,3_beaucoup,1_un peu,Non renseigné,NA
973,45,homme,171.3995305237316,Non renseigné,0_pas_du_tout,2_moyennement,Non renseigné,0_pas_du_tout,1_un peu,2_moyennement,1_un peu,Non renseigné,NA
974,47,femme,171.517406976539,Non renseigné,Non renseigné,2_moyennement,0_pas_du_tout,4_énormément,2_moyennement,2_moyennement,0_pas_du_tout,Non renseigné,NA
975,53,NA,171.37524379669162,Non renseigné,3_beaucoup,3_beaucoup,1_un peu,0_pas_du_tout,4_énormément,4_énormément,3_beaucoup,Non renseigné,NA
976,69,femme,165.06946066380422,Non renseigné,Non renseigné,0_pas_du_tout,3_beaucoup,0_pas_du_tout,3_beaucoup,3_beaucoup,3_beaucoup,0_pas_du_tout,NA
977,46,NA,156.04355679856258,Non,1_un peu,3_beaucoup,0_pas_du_tout,4_énormément,0_pas_du_tout,Non renseigné,3_beaucoup,Non renseigné,NA
978,43,homme,NA,Non renseigné,0_pas_du_tout,Non renseigné,4_énormément,1_un peu,Non renseigné,3_beaucoup,Non renseigné,Non renseigné,NA
979,11,femme,133.7404251909068,Non renseigné,3_beaucoup,3_beaucoup,0_pas_du_tout,0_pas_du_tout,2_moyennement,2_moyennement,0_pas_du_tout,Non renseigné,NA
980,61,homme,170.7446701671326,Oui,2_moyennement,0_pas_du_tout,4_énormément,2_moyennement,3_beaucoup,2_moyennement,2_moyennement,0_pas_du_tout,NA
981,NA,femme,171.2755652349139,Non renseigné,4_énormément,3_beaucoup,1_un peu,2_moyennement,4_énormément,2_moyennement,4_énormément,3_beaucoup,NA
982,67,femme,160.27355839189224,Non renseigné,1_un peu,2_moyennement,3_beaucoup,0_pas_du_tout,1_un peu,4_énormément,3_beaucoup,4_énormément,NA
983,3,homme,94.2665857896965,Oui,Non renseigné,4_énormément,Non renseigné,0_pas_du_tout,2_moyennement,2_moyennement,1_un peu,Non renseigné,NA
984,64,homme,161.1687763709879,Non renseigné,Non renseigné,0_pas_du_tout,Non renseigné,2_moyennement,1_un peu,3_beaucoup,3_beaucoup,1_un peu,NA
985,47,homme,161.8288631925337,Oui,2_moyennement,3_beaucoup,2_moyennement,0_pas_du_tout,4_énormément,3_beaucoup,4_énormément,3_beaucoup,NA
986,NA,femme,172.78353452827676,Non renseigné,0_pas_du_tout,0_pas_du_tout,0_pas_du_tout,1_un peu,Non renseigné,3_beaucoup,3_beaucoup,3_beaucoup,NA
987,52,femme,169.6801180349375,Non,4_énormément,0_pas_du_tout,3_beaucoup,0_pas_du_tout,4_énormément,3_beaucoup,2_moyennement,4_énormément,NA
988,40,homme,172.77053287323295,Non,1_un peu,1_un peu,2_moyennement,0_pas_du_tout,0_pas_du_tout,2_moyennement,4_énormément,Non renseigné,NA
989,NA,femme,167.55149547175466,Non,1_un peu,0_pas_du_tout,1_un peu,0_pas_du_tout,Non renseigné,2_moyennement,2_moyennement,0_pas_du_tout,NA
990,68,femme,158.0134231080806,Oui,4_énormément,Non renseigné,Non renseigné,0_pas_du_tout,0_pas_du_tout,4_énormément,4_énormément,Non renseigné,NA
991,52,femme,155.04232551162679,Non renseigné,3_beaucoup,1_un peu,2_moyennement,0_pas_du_tout,3_beaucoup,Non renseigné,3_beaucoup,4_énormément,NA
992,46,NA,178.80627188923475,Non,0_pas_du_tout,1_un peu,0_pas_du_tout,4_énormément,Non renseigné,1_un peu,0_pas_du_tout,0_pas_du_tout,NA
993,53,femme,167.43510263564323,Non,3_beaucoup,1_un peu,3_beaucoup,0_pas_du_tout,4_énormément,2_moyennement,4_énormément,4_énormément,NA
994,78,femme,164.65627094133717,Non,3_beaucoup,3_beaucoup,3_beaucoup,2_moyennement,3_beaucoup,0_pas_du_tout,0_pas_du_tout,Non renseigné,NA
995,63,homme,179.85719267832383,Non renseigné,1_un peu,4_énormément,Non renseigné,0_pas_du_tout,1_un peu,4_énormément,0_pas_du_tout,Non renseigné,NA
996,69,femme,158.15050754543955,Non renseigné,Non renseigné,Non renseigné,0_pas_du_tout,0_pas_du_tout,0_pas_du_tout,1_un peu,3_beaucoup,2_moyennement,NA
997,25,homme,164.08583278125028,Non renseigné,4_énormément,4_énormément,4_énormément,Non renseigné,2_moyennement,3_beaucoup,2_moyennement,Non renseigné,NA
998,74,femme,167.31958975602944,Oui,4_énormément,Non renseigné,Non renseigné,0_pas_du_tout,Non renseigné,4_énormément,4_énormément,Non renseigné,NA
999,28,homme,161.4438274785444,Oui,2_moyennement,0_pas_du_tout,3_beaucoup,3_beaucoup,3_beaucoup,Non renseigné,1_un peu,3_beaucoup,NA
1000,52,femme,165.2531663065522,Oui,3_beaucoup,1_un peu,1_un peu,0_pas_du_tout,0_pas_du_tout,3_beaucoup,2_moyennement,3_beaucoup,NA
1001,66,femme,172.9846127986355,Non,0_pas_du_tout,1_un peu,3_beaucoup,0_pas_du_tout,Non renseigné,4_énormément,4_énormément,Non renseigné,NA
1002,76,NA,166.8281340840474,Non,2_moyennement,1_un peu,1_un peu,0_pas_du_tout,3_beaucoup,3_beaucoup,2_moyennement,Non renseigné,NA
1003,35,femme,NA,Non renseigné,1_un peu,1_un peu,3_beaucoup,1_un peu,1_un peu,4_énormément,4_énormément,4_énormément,NA
1004,75,homme,166.91305810840294,Oui,2_moyennement,1_un peu,Non renseigné,3_beaucoup,1_un peu,3_beaucoup,4_énormément,Non renseigné,NA
1005,22,NA,170.24159934642464,Non renseigné,1_un peu,3_beaucoup,0_pas_du_tout,Non renseigné,Non renseigné,4_énormément,Non renseigné,0_pas_du_tout,NA
1006,75,homme,NA,Non renseigné,Non renseigné,Non renseigné,3_beaucoup,3_beaucoup,2_moyennement,4_énormément,3_beaucoup,1_un peu,NA
1007,NA,homme,168.34662628461376,Non renseigné,1_un peu,2_moyennement,1_un peu,1_un peu,2_moyennement,3_beaucoup,2_moyennement,Non renseigné,NA
1008,38,homme,165.82073667391577,Oui,3_beaucoup,3_beaucoup,3_beaucoup,0_pas_du_tout,3_beaucoup,3_beaucoup,0_pas_du_tout,4_énormément,NA
1009,28,femme,164.44244959784263,Non renseigné,4_énormément,2_moyennement,3_beaucoup,2_moyennement,1_un peu,1_un peu,Non renseigné,3_beaucoup,NA
1010,27,femme,NA,Non renseigné,1_un peu,0_pas_du_tout,4_énormément,2_moyennement,3_beaucoup,0_pas_du_tout,Non renseigné,Non renseigné,NA
1011,75,femme,161.8151099268408,Non renseigné,1_un peu,Non renseigné,1_un peu,0_pas_du_tout,3_beaucoup,3_beaucoup,4_énormément,Non renseigné,NA
1012,40,femme,161.4408809442313,Non,4_énormément,0_pas_du_tout,1_un peu,3_beaucoup,0_pas_du_tout,0_pas_du_tout,3_beaucoup,3_beaucoup,NA
1013,34,femme,163.13137861965325,Non,3_beaucoup,4_énormément,3_beaucoup,2_moyennement,4_énormément,3_beaucoup,2_moyennement,Non renseigné,NA
1014,75,femme,160.59084171840982,Oui,4_énormément,4_énormément,2_moyennement,0_pas_du_tout,4_énormément,3_beaucoup,Non renseigné,Non renseigné,NA
1015,66,femme,164.21908425581202,Non renseigné,0_pas_du_tout,3_beaucoup,Non renseigné,0_pas_du_tout,Non renseigné,3_beaucoup,3_beaucoup,Non renseigné,NA
1016,72,non binaire,NA,Non,2_moyennement,Non renseigné,2_moyennement,0_pas_du_tout,1_un peu,4_énormément,0_pas_du_tout,Non renseigné,NA
1017,47,femme,162.73381712324425,Non,1_un peu,2_moyennement,0_pas_du_tout,3_beaucoup,0_pas_du_tout,2_moyennement,0_pas_du_tout,Non renseigné,NA
1018,75,homme,172.29054129577344,Oui,3_beaucoup,3_beaucoup,4_énormément,1_un peu,Non renseigné,Non renseigné,1_un peu,3_beaucoup,NA
1019,66,non binaire,NA,Oui,1_un peu,4_énormément,2_moyennement,3_beaucoup,3_beaucoup,1_un peu,3_beaucoup,Non renseigné,NA
1020,67,femme,155.98482250442441,Non,3_beaucoup,Non renseigné,3_beaucoup,2_moyennement,1_un peu,3_beaucoup,2_moyennement,3_beaucoup,NA
1021,20,homme,167.69076410596946,Non,0_pas_du_tout,3_beaucoup,NA,4_énormément,3_beaucoup,1_un peu,3_beaucoup,4_énormément,NA
1022,51,homme,172.51264412989877,Non renseigné,3_beaucoup,0_pas_du_tout,2_moyennement,2_moyennement,1_un peu,0_pas_du_tout,Non renseigné,0_pas_du_tout,NA
1023,58,homme,NA,Non renseigné,1_un peu,2_moyennement,0_pas_du_tout,1_un peu,4_énormément,Non renseigné,4_énormément,Non renseigné,NA
1024,51,femme,NA,Non,Non renseigné,0_pas_du_tout,0_pas_du_tout,4_énormément,2_moyennement,4_énormément,1_un peu,1_un peu,NA
1025,65,femme,161.98658335529325,Non,3_beaucoup,0_pas_du_tout,0_pas_du_tout,0_pas_du_tout,3_beaucoup,1_un peu,3_beaucoup,Non renseigné,NA
1026,59,homme,172.87310891376072,Non renseigné,2_moyennement,2_moyennement,0_pas_du_tout,3_beaucoup,3_beaucoup,4_énormément,4_énormément,3_beaucoup,NA
1027,38,homme,172.8045392093476,Non renseigné,2_moyennement,4_énormément,Non renseigné,3_beaucoup,4_énormément,4_énormément,0_pas_du_tout,Non renseigné,NA
1028,9,homme,125.2299999606058,Oui,3_beaucoup,0_pas_du_tout,0_pas_du_tout,0_pas_du_tout,4_énormément,3_beaucoup,1_un peu,Non renseigné,NA
1029,NA,femme,134.6706331949331,Non renseigné,1_un peu,3_beaucoup,1_un peu,Non renseigné,2_moyennement,2_moyennement,4_énormément,0_pas_du_tout,NA
1030,55,homme,NA,Non renseigné,4_énormément,0_pas_du_tout,4_énormément,2_moyennement,2_moyennement,3_beaucoup,4_énormément,Non renseigné,NA
1031,NA,femme,NA,Non,3_beaucoup,4_énormément,3_beaucoup,3_beaucoup,1_un peu,3_beaucoup,0_pas_du_tout,Non renseigné,NA
1032,41,non binaire,NA,Oui,2_moyennement,1_un peu,Non renseigné,3_beaucoup,1_un peu,4_énormément,4_énormément,Non renseigné,NA
1033,63,NA,175.29574575390657,Oui,0_pas_du_tout,Non renseigné,2_moyennement,3_beaucoup,4_énormément,3_beaucoup,3_beaucoup,Non renseigné,NA
1034,49,femme,164.44672973729246,Non,3_beaucoup,0_pas_du_tout,3_beaucoup,4_énormément,4_énormément,3_beaucoup,Non renseigné,4_énormément,NA
1035,5,homme,105.19548440224132,Non renseigné,3_beaucoup,1_un peu,0_pas_du_tout,3_beaucoup,1_un peu,4_énormément,0_pas_du_tout,0_pas_du_tout,NA
1036,22,NA,160.92446417496598,Oui,Non renseigné,Non renseigné,0_pas_du_tout,2_moyennement,Non renseigné,1_un peu,3_beaucoup,Non renseigné,NA
1037,44,femme,NA,Non renseigné,2_moyennement,3_beaucoup,1_un peu,3_beaucoup,1_un peu,2_moyennement,1_un peu,Non renseigné,NA
1038,71,femme,160.44957550587466,Non,3_beaucoup,4_énormément,2_moyennement,1_un peu,4_énormément,2_moyennement,0_pas_du_tout,Non renseigné,NA
1039,59,homme,NA,Non renseigné,3_beaucoup,1_un peu,1_un peu,2_moyennement,1_un peu,1_un peu,2_moyennement,Non renseigné,NA
1040,14,non binaire,148.152494672804,Non renseigné,Non renseigné,3_beaucoup,1_un peu,0_pas_du_tout,Non renseigné,2_moyennement,Non renseigné,Non renseigné,NA
1041,58,homme,170.57414041502702,Oui,3_beaucoup,1_un peu,Non renseigné,3_beaucoup,Non renseigné,3_beaucoup,4_énormément,Non renseigné,NA
1042,62,homme,179.96534681871447,Non,Non renseigné,0_pas_du_tout,3_beaucoup,0_pas_du_tout,3_beaucoup,2_moyennement,Non renseigné,Non renseigné,NA
1043,17,homme,164.37047898546797,Oui,0_pas_du_tout,4_énormément,0_pas_du_tout,1_un peu,Non renseigné,3_beaucoup,4_énormément,Non renseigné,NA
1044,50,femme,NA,Non,3_beaucoup,0_pas_du_tout,2_moyennement,1_un peu,3_beaucoup,Non renseigné,2_moyennement,Non renseigné,NA
1045,5,homme,104.94265253646591,Oui,2_moyennement,1_un peu,1_un peu,3_beaucoup,4_énormément,1_un peu,1_un peu,2_moyennement,NA
1046,58,homme,172.4317951602542,Oui,3_beaucoup,2_moyennement,4_énormément,0_pas_du_tout,0_pas_du_tout,3_beaucoup,0_pas_du_tout,2_moyennement,NA
1047,5,homme,104.33316007854468,Non renseigné,0_pas_du_tout,3_beaucoup,1_un peu,Non renseigné,3_beaucoup,Non renseigné,Non renseigné,Non renseigné,NA
1048,28,non binaire,NA,Oui,4_énormément,0_pas_du_tout,1_un peu,2_moyennement,Non renseigné,4_énormément,Non renseigné,Non renseigné,NA
1049,NA,femme,166.01825419006883,Non renseigné,3_beaucoup,1_un peu,3_beaucoup,0_pas_du_tout,2_moyennement,Non renseigné,1_un peu,Non renseigné,NA
1050,NA,homme,101.5027982085697,Oui,0_pas_du_tout,4_énormément,0_pas_du_tout,4_énormément,4_énormément,3_beaucoup,Non renseigné,Non renseigné,NA
1051,NA,femme,167.1793804932022,Non renseigné,1_un peu,4_énormément,3_beaucoup,0_pas_du_tout,1_un peu,4_énormément,3_beaucoup,Non renseigné,NA
1052,NA,homme,171.30252107902453,Oui,0_pas_du_tout,2_moyennement,2_moyennement,3_beaucoup,Non renseigné,1_un peu,4_énormément,Non renseigné,NA
1053,40,femme,169.26974240969477,Non renseigné,Non renseigné,3_beaucoup,0_pas_du_tout,2_moyennement,1_un peu,4_énormément,Non renseigné,Non renseigné,NA
1054,57,homme,NA,Non,3_beaucoup,2_moyennement,0_pas_du_tout,Non renseigné,4_énormément,3_beaucoup,3_beaucoup,Non renseigné,NA
1055,43,femme,169.4891772847582,Non,3_beaucoup,3_beaucoup,Non renseigné,0_pas_du_tout,1_un peu,2_moyennement,2_moyennement,3_beaucoup,NA
1056,31,homme,165.83421298646948,Oui,0_pas_du_tout,1_un peu,0_pas_du_tout,3_beaucoup,0_pas_du_tout,Non renseigné,1_un peu,Non renseigné,NA
1057,NA,femme,168.65807596509958,Non renseigné,1_un peu,0_pas_du_tout,4_énormément,Non renseigné,Non renseigné,4_énormément,0_pas_du_tout,2_moyennement,NA
1058,13,homme,146.19847042589015,Non renseigné,4_énormément,1_un peu,1_un peu,3_beaucoup,0_pas_du_tout,2_moyennement,0_pas_du_tout,Non renseigné,NA
1059,16,homme,159.6853983158499,Oui,0_pas_du_tout,3_beaucoup,0_pas_du_tout,4_énormément,3_beaucoup,1_un peu,0_pas_du_tout,Non renseigné,NA
1060,NA,non binaire,NA,Oui,1_un peu,0_pas_du_tout,2_moyennement,1_un peu,3_beaucoup,4_énormément,1_un peu,1_un peu,NA
1061,30,homme,169.09554723674765,Non,1_un peu,0_pas_du_tout,1_un peu,3_beaucoup,3_beaucoup,2_moyennement,2_moyennement,Non renseigné,NA
1062,25,homme,166.3174206817713,Oui,1_un peu,1_un peu,3_beaucoup,3_beaucoup,4_énormément,4_énormément,3_beaucoup,Non renseigné,NA
1063,NA,homme,161.11653434746782,Non renseigné,2_moyennement,Non renseigné,1_un peu,2_moyennement,1_un peu,4_énormément,3_beaucoup,Non renseigné,NA
1064,48,homme,172.55947210942932,Non,0_pas_du_tout,0_pas_du_tout,1_un peu,3_beaucoup,3_beaucoup,1_un peu,3_beaucoup,Non renseigné,NA
1065,77,NA,154.21496031778494,Non renseigné,1_un peu,Non renseigné,4_énormément,2_moyennement,Non renseigné,4_énormément,1_un peu,Non renseigné,NA
1066,30,femme,165.67005657014136,Oui,1_un peu,2_moyennement,1_un peu,3_beaucoup,1_un peu,3_beaucoup,1_un peu,Non renseigné,NA
1067,6,femme,109.55231011468769,Non,2_moyennement,1_un peu,2_moyennement,2_moyennement,3_beaucoup,4_énormément,2_moyennement,4_énormément,NA
1068,27,NA,164.488683027177,Non renseigné,1_un peu,4_énormément,0_pas_du_tout,3_beaucoup,3_beaucoup,4_énormément,3_beaucoup,Non renseigné,NA
1069,16,femme,160.48137283434258,Oui,4_énormément,3_beaucoup,0_pas_du_tout,Non renseigné,1_un peu,4_énormément,Non renseigné,Non renseigné,NA
1070,34,femme,171.283162850451,Non renseigné,4_énormément,2_moyennement,2_moyennement,0_pas_du_tout,3_beaucoup,3_beaucoup,Non renseigné,Non renseigné,NA
1071,NA,non binaire,NA,Non renseigné,2_moyennement,3_beaucoup,4_énormément,1_un peu,Non renseigné,Non renseigné,0_pas_du_tout,Non renseigné,NA
1072,48,femme,174.95923552504374,Oui,4_énormément,Non renseigné,4_énormément,Non renseigné,4_énormément,Non renseigné,0_pas_du_tout,4_énormément,NA
1073,61,homme,162.60789032523158,Oui,2_moyennement,1_un peu,0_pas_du_tout,0_pas_du_tout,1_un peu,0_pas_du_tout,1_un peu,Non renseigné,NA
1074,60,femme,NA,Non renseigné,4_énormément,0_pas_du_tout,4_énormément,2_moyennement,Non renseigné,2_moyennement,2_moyennement,4_énormément,NA
1075,65,femme,160.8543374342757,Non,4_énormément,3_beaucoup,2_moyennement,2_moyennement,3_beaucoup,4_énormément,4_énormément,2_moyennement,NA
1076,7,NA,115.30542388224771,Oui,1_un peu,0_pas_du_tout,3_beaucoup,1_un peu,4_énormément,2_moyennement,1_un peu,3_beaucoup,NA
1077,18,homme,NA,Oui,1_un peu,4_énormément,0_pas_du_tout,0_pas_du_tout,0_pas_du_tout,Non renseigné,2_moyennement,Non renseigné,NA
1078,55,femme,163.05428493152397,Non renseigné,4_énormément,Non renseigné,3_beaucoup,Non renseigné,3_beaucoup,4_énormément,4_énormément,0_pas_du_tout,NA
1079,61,non binaire,NA,Non renseigné,2_moyennement,4_énormément,3_beaucoup,4_énormément,Non renseigné,1_un peu,Non renseigné,Non renseigné,NA
1080,50,homme,162.8655699350613,Non,0_pas_du_tout,2_moyennement,3_beaucoup,0_pas_du_tout,Non renseigné,3_beaucoup,2_moyennement,0_pas_du_tout,NA
1081,38,femme,156.30035528318493,Non,0_pas_du_tout,2_moyennement,2_moyennement,3_beaucoup,1_un peu,4_énormément,1_un peu,0_pas_du_tout,NA
1082,61,homme,168.03738583480475,Oui,2_moyennement,3_beaucoup,4_énormément,1_un peu,4_énormément,3_beaucoup,1_un peu,4_énormément,NA
1083,65,homme,176.9988053991945,Non renseigné,2_moyennement,4_énormément,3_beaucoup,3_beaucoup,Non renseigné,4_énormément,3_beaucoup,4_énormément,NA
1084,NA,homme,173.9761838605822,Non,4_énormément,1_un peu,1_un peu,2_moyennement,1_un peu,2_moyennement,4_énormément,3_beaucoup,NA
1085,29,femme,169.5345329949133,Non renseigné,3_beaucoup,3_beaucoup,4_énormément,0_pas_du_tout,4_énormément,3_beaucoup,0_pas_du_tout,Non renseigné,NA
1086,22,non binaire,NA,Oui,Non renseigné,3_beaucoup,0_pas_du_tout,1_un peu,1_un peu,4_énormément,4_énormément,3_beaucoup,NA
1087,58,NA,NA,Non renseigné,0_pas_du_tout,Non renseigné,3_beaucoup,0_pas_du_tout,3_beaucoup,3_beaucoup,3_beaucoup,3_beaucoup,NA
1088,37,homme,173.135034639777,Oui,Non renseigné,1_un peu,1_un peu,1_un peu,1_un peu,3_beaucoup,0_pas_du_tout,Non renseigné,NA
1089,48,homme,174.89810479359875,Non renseigné,2_moyennement,3_beaucoup,Non renseigné,2_moyennement,Non renseigné,Non renseigné,3_beaucoup,Non renseigné,NA
1090,41,homme,175.76585653102046,Oui,3_beaucoup,0_pas_du_tout,4_énormément,2_moyennement,2_moyennement,Non renseigné,3_beaucoup,Non renseigné,NA
1091,76,NA,NA,Oui,3_beaucoup,0_pas_du_tout,2_moyennement,0_pas_du_tout,Non renseigné,1_un peu,1_un peu,Non renseigné,NA
1092,52,femme,168.61542203937677,Non,2_moyennement,4_énormément,2_moyennement,3_beaucoup,0_pas_du_tout,Non renseigné,3_beaucoup,Non renseigné,NA
1093,52,femme,NA,Non,3_beaucoup,0_pas_du_tout,0_pas_du_tout,1_un peu,1_un peu,3_beaucoup,3_beaucoup,Non renseigné,NA
1094,29,femme,167.64540502978474,Non,0_pas_du_tout,3_beaucoup,Non renseigné,2_moyennement,3_beaucoup,4_énormément,4_énormément,Non renseigné,NA
1095,15,femme,156.24943658533795,Oui,4_énormément,Non renseigné,Non renseigné,2_moyennement,1_un peu,3_beaucoup,3_beaucoup,Non renseigné,NA
1096,69,homme,NA,Oui,2_moyennement,Non renseigné,1_un peu,3_beaucoup,1_un peu,2_moyennement,4_énormément,3_beaucoup,NA
1097,5,non binaire,106.38218405652951,Oui,0_pas_du_tout,3_beaucoup,1_un peu,0_pas_du_tout,3_beaucoup,2_moyennement,0_pas_du_tout,Non renseigné,NA
1098,NA,homme,168.95900098018856,Oui,1_un peu,Non renseigné,1_un peu,Non renseigné,2_moyennement,Non renseigné,2_moyennement,Non renseigné,NA
1099,NA,femme,154.34217425977286,Non,Non renseigné,4_énormément,3_beaucoup,0_pas_du_tout,3_beaucoup,3_beaucoup,4_énormément,Non renseigné,NA
1100,11,femme,135.34411717690568,Non,0_pas_du_tout,2_moyennement,0_pas_du_tout,3_beaucoup,0_pas_du_tout,Non renseigné,4_énormément,Non renseigné,NA
1101,76,femme,153.74971825729028,Oui,0_pas_du_tout,3_beaucoup,1_un peu,1_un peu,3_beaucoup,0_pas_du_tout,3_beaucoup,Non renseigné,NA
1102,NA,homme,125.04625133222686,Non renseigné,3_beaucoup,1_un peu,0_pas_du_tout,3_beaucoup,1_un peu,Non renseigné,4_énormément,4_énormément,NA
1103,53,homme,177.08574846827955,Oui,Non renseigné,2_moyennement,Non renseigné,1_un peu,4_énormément,Non renseigné,3_beaucoup,4_énormément,NA
1104,72,non binaire,NA,Non renseigné,2_moyennement,1_un peu,4_énormément,2_moyennement,3_beaucoup,3_beaucoup,2_moyennement,Non renseigné,NA
1105,3,homme,93.1291890237715,Oui,3_beaucoup,Non renseigné,1_un peu,3_beaucoup,Non renseigné,4_énormément,Non renseigné,2_moyennement,NA
1106,24,femme,164.83803686039315,Non renseigné,2_moyennement,3_beaucoup,1_un peu,Non renseigné,3_beaucoup,4_énormément,0_pas_du_tout,Non renseigné,NA
1107,35,non binaire,NA,Non renseigné,1_un peu,3_beaucoup,3_beaucoup,1_un peu,2_moyennement,1_un peu,1_un peu,4_énormément,NA
1108,71,femme,160.9910920407474,Non,3_beaucoup,0_pas_du_tout,2_moyennement,2_moyennement,3_beaucoup,4_énormément,Non renseigné,Non renseigné,NA
1109,45,homme,163.4613787333163,Non renseigné,2_moyennement,2_moyennement,1_un peu,0_pas_du_tout,4_énormément,3_beaucoup,0_pas_du_tout,Non renseigné,NA
1110,36,homme,176.41442733520284,Non renseigné,Non renseigné,0_pas_du_tout,3_beaucoup,2_moyennement,2_moyennement,Non renseigné,0_pas_du_tout,Non renseigné,NA
1111,66,homme,159.7957543386665,Non,1_un peu,4_énormément,1_un peu,0_pas_du_tout,3_beaucoup,Non renseigné,3_beaucoup,4_énormément,NA
1112,36,homme,171.91517242905087,Oui,0_pas_du_tout,0_pas_du_tout,1_un peu,0_pas_du_tout,3_beaucoup,4_énormément,Non renseigné,Non renseigné,NA
1113,NA,femme,117.81461310696695,Oui,Non renseigné,2_moyennement,3_beaucoup,2_moyennement,3_beaucoup,Non renseigné,Non renseigné,4_énormément,NA
1114,70,homme,162.99259551698552,Non,1_un peu,2_moyennement,2_moyennement,0_pas_du_tout,Non renseigné,Non renseigné,4_énormément,Non renseigné,NA
1115,40,non binaire,NA,Oui,0_pas_du_tout,1_un peu,3_beaucoup,3_beaucoup,3_beaucoup,3_beaucoup,Non renseigné,2_moyennement,NA
1116,16,NA,159.20535584066687,Non,3_beaucoup,3_beaucoup,3_beaucoup,2_moyennement,3_beaucoup,3_beaucoup,2_moyennement,Non renseigné,NA
1117,44,homme,NA,Non renseigné,2_moyennement,0_pas_du_tout,1_un peu,Non renseigné,1_un peu,4_énormément,Non renseigné,0_pas_du_tout,NA
1118,10,femme,129.52382880637802,Non renseigné,4_énormément,3_beaucoup,0_pas_du_tout,3_beaucoup,4_énormément,3_beaucoup,4_énormément,0_pas_du_tout,NA
1119,45,non binaire,NA,Oui,2_moyennement,1_un peu,1_un peu,4_énormément,Non renseigné,Non renseigné,2_moyennement,Non renseigné,NA
1120,55,NA,NA,Oui,Non renseigné,2_moyennement,3_beaucoup,1_un peu,0_pas_du_tout,1_un peu,Non renseigné,Non renseigné,NA
1121,49,NA,159.9435014480872,Oui,3_beaucoup,2_moyennement,0_pas_du_tout,0_pas_du_tout,3_beaucoup,Non renseigné,3_beaucoup,0_pas_du_tout,NA
1122,50,homme,169.37314977495268,Non renseigné,3_beaucoup,3_beaucoup,0_pas_du_tout,3_beaucoup,Non renseigné,Non renseigné,Non renseigné,2_moyennement,NA
1123,50,homme,174.50429482049134,Non renseigné,2_moyennement,1_un peu,2_moyennement,1_un peu,3_beaucoup,Non renseigné,4_énormément,Non renseigné,NA
1124,NA,femme,156.60501521303868,Oui,4_énormément,1_un peu,1_un peu,2_moyennement,3_beaucoup,2_moyennement,4_énormément,4_énormément,NA
1125,15,homme,155.5887469884361,Oui,4_énormément,2_moyennement,1_un peu,0_pas_du_tout,1_un peu,Non renseigné,0_pas_du_tout,Non renseigné,NA
1126,72,non binaire,NA,Oui,1_un peu,1_un peu,0_pas_du_tout,1_un peu,Non renseigné,1_un peu,3_beaucoup,0_pas_du_tout,NA
1127,74,femme,172.01876876084856,Oui,4_énormément,0_pas_du_tout,2_moyennement,1_un peu,4_énormément,3_beaucoup,Non renseigné,2_moyennement,NA
1128,76,homme,163.60227851924176,Oui,0_pas_du_tout,3_beaucoup,2_moyennement,3_beaucoup,1_un peu,Non renseigné,2_moyennement,Non renseigné,NA
1129,NA,homme,135.5920392327915,Oui,4_énormément,2_moyennement,0_pas_du_tout,0_pas_du_tout,Non renseigné,3_beaucoup,0_pas_du_tout,Non renseigné,NA
1130,24,homme,165.70610250361437,Non,1_un peu,1_un peu,0_pas_du_tout,4_énormément,3_beaucoup,0_pas_du_tout,0_pas_du_tout,2_moyennement,NA
1131,30,homme,170.1541560933581,Oui,2_moyennement,2_moyennement,3_beaucoup,Non renseigné,1_un peu,2_moyennement,4_énormément,Non renseigné,NA
1132,65,homme,166.73199796811792,Non renseigné,1_un peu,3_beaucoup,2_moyennement,3_beaucoup,1_un peu,3_beaucoup,2_moyennement,Non renseigné,NA
1133,13,homme,NA,Non renseigné,0_pas_du_tout,4_énormément,3_beaucoup,3_beaucoup,2_moyennement,Non renseigné,Non renseigné,0_pas_du_tout,NA
1134,52,homme,171.48575734509063,Oui,0_pas_du_tout,3_beaucoup,2_moyennement,1_un peu,0_pas_du_tout,3_beaucoup,Non renseigné,2_moyennement,NA
1135,40,NA,166.8459152268963,Oui,2_moyennement,2_moyennement,Non renseigné,0_pas_du_tout,2_moyennement,2_moyennement,0_pas_du_tout,0_pas_du_tout,NA
1136,51,NA,169.69657721940987,Non,0_pas_du_tout,4_énormément,3_beaucoup,3_beaucoup,4_énormément,3_beaucoup,4_énormément,2_moyennement,NA
1137,28,non binaire,NA,Non,2_moyennement,2_moyennement,0_pas_du_tout,1_un peu,1_un peu,3_beaucoup,0_pas_du_tout,Non renseigné,NA
1138,20,femme,161.79740578675478,Oui,3_beaucoup,0_pas_du_tout,NA,1_un peu,0_pas_du_tout,3_beaucoup,2_moyennement,Non renseigné,NA
1139,30,homme,171.94507853668753,Non renseigné,1_un peu,2_moyennement,1_un peu,4_énormément,3_beaucoup,4_énormément,2_moyennement,Non renseigné,NA
1140,22,femme,164.7392340617291,Non renseigné,4_énormément,0_pas_du_tout,Non renseigné,0_pas_du_tout,2_moyennement,4_énormément,3_beaucoup,Non renseigné,NA
1141,68,NA,160.76289715893026,Non renseigné,4_énormément,2_moyennement,4_énormément,Non renseigné,3_beaucoup,2_moyennement,3_beaucoup,Non renseigné,NA
1142,22,femme,167.713669366015,Non,0_pas_du_tout,4_énormément,4_énormément,0_pas_du_tout,1_un peu,1_un peu,2_moyennement,Non renseigné,NA
1143,33,femme,171.62728054168852,Non,Non renseigné,1_un peu,3_beaucoup,0_pas_du_tout,2_moyennement,0_pas_du_tout,3_beaucoup,Non renseigné,NA
1144,24,homme,170.88404659278345,Non,Non renseigné,0_pas_du_tout,2_moyennement,2_moyennement,0_pas_du_tout,Non renseigné,Non renseigné,0_pas_du_tout,NA
1145,69,femme,162.71594118575902,Oui,1_un peu,Non renseigné,1_un peu,2_moyennement,3_beaucoup,Non renseigné,4_énormément,Non renseigné,NA
1146,69,femme,163.13211979275576,Non renseigné,3_beaucoup,4_énormément,2_moyennement,3_beaucoup,4_énormément,2_moyennement,4_énormément,3_beaucoup,NA
1147,10,femme,129.68199827204876,Non renseigné,4_énormément,2_moyennement,0_pas_du_tout,0_pas_du_tout,3_beaucoup,4_énormément,0_pas_du_tout,Non renseigné,NA
1148,54,homme,175.80492093140998,Non,3_beaucoup,4_énormément,Non renseigné,2_moyennement,3_beaucoup,0_pas_du_tout,Non renseigné,1_un peu,NA
1149,NA,femme,166.1261240345208,Non renseigné,2_moyennement,0_pas_du_tout,1_un peu,1_un peu,4_énormément,0_pas_du_tout,Non renseigné,Non renseigné,NA
1150,59,non binaire,NA,Non,Non renseigné,3_beaucoup,4_énormément,3_beaucoup,0_pas_du_tout,3_beaucoup,Non renseigné,Non renseigné,NA
1151,77,femme,159.03980178488007,Non renseigné,1_un peu,2_moyennement,4_énormément,1_un peu,4_énormément,3_beaucoup,4_énormément,4_énormément,NA
1152,18,femme,171.50829407801314,Non renseigné,2_moyennement,0_pas_du_tout,1_un peu,3_beaucoup,3_beaucoup,4_énormément,4_énormément,4_énormément,NA
1153,NA,NA,168.55004444419285,Non renseigné,2_moyennement,1_un peu,Non renseigné,3_beaucoup,2_moyennement,Non renseigné,0_pas_du_tout,4_énormément,NA
1154,16,femme,159.21788114397108,Oui,3_beaucoup,Non renseigné,0_pas_du_tout,0_pas_du_tout,Non renseigné,2_moyennement,0_pas_du_tout,Non renseigné,NA
1155,NA,homme,170.87677832088437,Non renseigné,1_un peu,2_moyennement,0_pas_du_tout,2_moyennement,Non renseigné,3_beaucoup,Non renseigné,0_pas_du_tout,NA
1156,NA,femme,NA,Non renseigné,2_moyennement,0_pas_du_tout,Non renseigné,3_beaucoup,2_moyennement,4_énormément,4_énormément,Non renseigné,NA
1157,NA,femme,120.4193035025703,Non,3_beaucoup,4_énormément,0_pas_du_tout,1_un peu,Non renseigné,4_énormément,4_énormément,Non renseigné,NA
1158,50,femme,157.60615277292533,Non renseigné,1_un peu,3_beaucoup,4_énormément,Non renseigné,3_beaucoup,Non renseigné,4_énormément,Non renseigné,NA
1159,51,homme,NA,Non,3_beaucoup,0_pas_du_tout,1_un peu,0_pas_du_tout,2_moyennement,4_énormément,2_moyennement,Non renseigné,NA
1160,78,homme,166.77601322882597,Oui,1_un peu,Non renseigné,1_un peu,3_beaucoup,3_beaucoup,Non renseigné,3_beaucoup,Non renseigné,NA
1161,NA,non binaire,NA,Oui,2_moyennement,2_moyennement,Non renseigné,3_beaucoup,3_beaucoup,1_un peu,4_énormément,Non renseigné,NA
1162,80,non binaire,NA,Non,3_beaucoup,4_énormément,4_énormément,1_un peu,3_beaucoup,4_énormément,0_pas_du_tout,Non renseigné,NA
1163,33,femme,172.84910539060118,Non,0_pas_du_tout,0_pas_du_tout,1_un peu,3_beaucoup,Non renseigné,4_énormément,1_un peu,Non renseigné,NA
1164,57,homme,169.9274573939117,Non renseigné,0_pas_du_tout,3_beaucoup,2_moyennement,1_un peu,4_énormément,1_un peu,3_beaucoup,1_un peu,NA
1165,74,non binaire,NA,Non,1_un peu,2_moyennement,2_moyennement,4_énormément,4_énormément,0_pas_du_tout,3_beaucoup,2_moyennement,NA
1166,24,femme,159.8837214120141,Oui,4_énormément,0_pas_du_tout,0_pas_du_tout,1_un peu,1_un peu,4_énormément,Non renseigné,Non renseigné,NA
1167,75,NA,177.13720076147243,Non renseigné,1_un peu,Non renseigné,3_beaucoup,0_pas_du_tout,3_beaucoup,Non renseigné,3_beaucoup,4_énormément,NA
1168,38,homme,165.82893982431932,Non renseigné,1_un peu,2_moyennement,1_un peu,3_beaucoup,3_beaucoup,2_moyennement,3_beaucoup,1_un peu,NA
1169,52,NA,161.99366028994746,Non renseigné,Non renseigné,4_énormément,0_pas_du_tout,0_pas_du_tout,Non renseigné,Non renseigné,4_énormément,3_beaucoup,NA
1170,12,homme,139.65653008259665,Non renseigné,Non renseigné,2_moyennement,0_pas_du_tout,0_pas_du_tout,1_un peu,1_un peu,4_énormément,2_moyennement,NA
1171,15,femme,156.17808290620323,Non renseigné,3_beaucoup,3_beaucoup,0_pas_du_tout,Non renseigné,4_énormément,1_un peu,Non renseigné,Non renseigné,NA
1172,38,homme,176.4600169037889,Non renseigné,Non renseigné,1_un peu,0_pas_du_tout,1_un peu,4_énormément,3_beaucoup,0_pas_du_tout,Non renseigné,NA
1173,8,NA,120.34916498409999,Non renseigné,3_beaucoup,3_beaucoup,0_pas_du_tout,0_pas_du_tout,Non renseigné,0_pas_du_tout,4_énormément,Non renseigné,NA
1174,NA,femme,157.2099062421858,Non renseigné,1_un peu,0_pas_du_tout,2_moyennement,3_beaucoup,2_moyennement,3_beaucoup,3_beaucoup,4_énormément,NA
1175,42,femme,163.7634045665409,Oui,1_un peu,1_un peu,1_un peu,2_moyennement,Non renseigné,2_moyennement,0_pas_du_tout,Non renseigné,NA
1176,76,homme,164.60165839699792,Non renseigné,2_moyennement,2_moyennement,2_moyennement,3_beaucoup,3_beaucoup,2_moyennement,0_pas_du_tout,0_pas_du_tout,NA
1177,10,femme,129.61344556866814,Non,2_moyennement,0_pas_du_tout,0_pas_du_tout,2_moyennement,Non renseigné,Non renseigné,0_pas_du_tout,1_un peu,NA
1178,50,NA,159.33771491437574,Non,4_énormément,3_beaucoup,2_moyennement,Non renseigné,Non renseigné,Non renseigné,4_énormément,4_énormément,NA
1179,37,femme,159.58904121881255,Non renseigné,4_énormément,Non renseigné,1_un peu,0_pas_du_tout,Non renseigné,3_beaucoup,3_beaucoup,4_énormément,NA
1180,37,femme,167.18406054386472,Non renseigné,3_beaucoup,1_un peu,4_énormément,3_beaucoup,0_pas_du_tout,1_un peu,1_un peu,4_énormément,NA
1181,56,homme,164.22809835734438,Non renseigné,4_énormément,0_pas_du_tout,1_un peu,3_beaucoup,1_un peu,2_moyennement,3_beaucoup,Non renseigné,NA
1182,56,homme,167.58215172940103,Non renseigné,2_moyennement,2_moyennement,2_moyennement,Non renseigné,1_un peu,3_beaucoup,Non renseigné,Non renseigné,NA
1183,38,femme,NA,Non,2_moyennement,3_beaucoup,3_beaucoup,1_un peu,3_beaucoup,Non renseigné,2_moyennement,Non renseigné,NA
1184,76,homme,174.99909220810108,Oui,0_pas_du_tout,3_beaucoup,0_pas_du_tout,3_beaucoup,0_pas_du_tout,Non renseigné,2_moyennement,1_un peu,NA
1185,53,femme,159.1903242693308,Non renseigné,4_énormément,Non renseigné,1_un peu,0_pas_du_tout,Non renseigné,2_moyennement,2_moyennement,Non renseigné,NA
1186,24,homme,169.93129388848908,Non renseigné,Non renseigné,2_moyennement,3_beaucoup,1_un peu,1_un peu,1_un peu,0_pas_du_tout,Non renseigné,NA
1187,54,homme,166.99499911894458,Oui,0_pas_du_tout,2_moyennement,3_beaucoup,3_beaucoup,1_un peu,Non renseigné,Non renseigné,3_beaucoup,NA
1188,62,NA,167.63074383167336,Oui,1_un peu,4_énormément,0_pas_du_tout,1_un peu,3_beaucoup,Non renseigné,4_énormément,Non renseigné,NA
1189,50,homme,162.69328550199316,Non renseigné,4_énormément,2_moyennement,1_un peu,0_pas_du_tout,4_énormément,3_beaucoup,Non renseigné,Non renseigné,NA
1190,61,femme,164.79197944044157,Non,3_beaucoup,4_énormément,0_pas_du_tout,0_pas_du_tout,1_un peu,1_un peu,4_énormément,2_moyennement,NA
1191,3,homme,96.68953658540076,Non renseigné,0_pas_du_tout,2_moyennement,3_beaucoup,0_pas_du_tout,3_beaucoup,3_beaucoup,4_énormément,1_un peu,NA
1192,NA,femme,164.6822929561583,Non,2_moyennement,4_énormément,3_beaucoup,3_beaucoup,4_énormément,Non renseigné,4_énormément,4_énormément,NA
1193,24,NA,174.5539100949095,Non renseigné,2_moyennement,1_un peu,Non renseigné,3_beaucoup,2_moyennement,Non renseigné,2_moyennement,3_beaucoup,NA
1194,25,homme,165.0730591807329,Non renseigné,2_moyennement,0_pas_du_tout,1_un peu,4_énormément,3_beaucoup,Non renseigné,1_un peu,Non renseigné,NA
1195,59,femme,156.4803590853849,Non,1_un peu,0_pas_du_tout,0_pas_du_tout,0_pas_du_tout,4_énormément,Non renseigné,2_moyennement,2_moyennement,NA
1196,79,homme,NA,Oui,Non renseigné,2_moyennement,2_moyennement,Non renseigné,3_beaucoup,3_beaucoup,4_énormément,Non renseigné,NA
1197,28,femme,170.5542327053336,Non,0_pas_du_tout,1_un peu,1_un peu,1_un peu,3_beaucoup,3_beaucoup,0_pas_du_tout,Non renseigné,NA
1198,26,femme,NA,Non renseigné,4_énormément,Non renseigné,0_pas_du_tout,3_beaucoup,3_beaucoup,3_beaucoup,0_pas_du_tout,Non renseigné,NA
1199,NA,homme,172.4028530130348,Oui,Non renseigné,4_énormément,Non renseigné,3_beaucoup,Non renseigné,0_pas_du_tout,Non renseigné,Non renseigné,NA
1200,NA,homme,99.85004886725622,Non renseigné,2_moyennement,1_un peu,Non renseigné,0_pas_du_tout,1_un peu,Non renseigné,Non renseigné,Non renseigné,NA
1201,NA,homme,168.8101847688505,Oui,0_pas_du_tout,0_pas_du_tout,Non renseigné,4_énormément,3_beaucoup,3_beaucoup,2_moyennement,Non renseigné,NA
1202,6,femme,111.16045776024286,Oui,4_énormément,0_pas_du_tout,3_beaucoup,0_pas_du_tout,0_pas_du_tout,0_pas_du_tout,0_pas_du_tout,Non renseigné,NA
1203,21,homme,178.01139593206142,Non renseigné,1_un peu,3_beaucoup,2_moyennement,2_moyennement,3_beaucoup,2_moyennement,0_pas_du_tout,2_moyennement,NA
1204,27,femme,162.23874997163676,Non renseigné,0_pas_du_tout,3_beaucoup,Non renseigné,3_beaucoup,3_beaucoup,3_beaucoup,Non renseigné,4_énormément,NA
1205,46,NA,171.9041364461659,Non,1_un peu,Non renseigné,3_beaucoup,Non renseigné,3_beaucoup,3_beaucoup,1_un peu,Non renseigné,NA
1206,35,homme,164.73097188509223,Oui,Non renseigné,1_un peu,1_un peu,0_pas_du_tout,1_un peu,Non renseigné,4_énormément,Non renseigné,NA
1207,77,femme,161.39647386431758,Non renseigné,0_pas_du_tout,3_beaucoup,2_moyennement,0_pas_du_tout,2_moyennement,2_moyennement,Non renseigné,Non renseigné,NA
1208,12,homme,140.0256349736277,Oui,3_beaucoup,3_beaucoup,2_moyennement,4_énormément,2_moyennement,0_pas_du_tout,0_pas_du_tout,Non renseigné,NA
1209,25,femme,172.2814602347812,Non renseigné,Non renseigné,3_beaucoup,2_moyennement,4_énormément,1_un peu,4_énormément,0_pas_du_tout,Non renseigné,NA
1210,73,femme,163.5059580196386,Non,0_pas_du_tout,1_un peu,Non renseigné,0_pas_du_tout,4_énormément,2_moyennement,2_moyennement,Non renseigné,NA
1211,52,femme,155.2298068459644,Oui,Non renseigné,3_beaucoup,2_moyennement,Non renseigné,1_un peu,0_pas_du_tout,3_beaucoup,Non renseigné,NA
1212,79,femme,164.69427782821566,Non,4_énormément,1_un peu,3_beaucoup,1_un peu,2_moyennement,3_beaucoup,Non renseigné,Non renseigné,NA
1213,59,homme,170.37769390640074,Non renseigné,2_moyennement,Non renseigné,Non renseigné,2_moyennement,1_un peu,Non renseigné,1_un peu,Non renseigné,NA
1214,NA,non binaire,NA,Non renseigné,Non renseigné,2_moyennement,Non renseigné,0_pas_du_tout,3_beaucoup,4_énormément,4_énormément,Non renseigné,NA
1215,43,femme,168.43492214151618,Non renseigné,1_un peu,4_énormément,0_pas_du_tout,1_un peu,3_beaucoup,2_moyennement,Non renseigné,Non renseigné,NA
1216,34,femme,171.89360895920777,Non renseigné,1_un peu,4_énormément,1_un peu,0_pas_du_tout,Non renseigné,2_moyennement,1_un peu,Non renseigné,NA
1217,23,femme,167.58376200067488,Non,3_beaucoup,0_pas_du_tout,0_pas_du_tout,2_moyennement,Non renseigné,Non renseigné,0_pas_du_tout,Non renseigné,NA
1218,16,homme,161.83985636315927,Non renseigné,1_un peu,0_pas_du_tout,0_pas_du_tout,2_moyennement,1_un peu,2_moyennement,1_un peu,3_beaucoup,NA
1219,19,homme,165.75124424894506,Non renseigné,3_beaucoup,3_beaucoup,0_pas_du_tout,4_énormément,0_pas_du_tout,2_moyennement,3_beaucoup,Non renseigné,NA
1220,51,NA,166.98815250909735,Oui,0_pas_du_tout,2_moyennement,Non renseigné,3_beaucoup,4_énormément,1_un peu,1_un peu,Non renseigné,NA
1221,78,homme,171.565413566426,Non,0_pas_du_tout,1_un peu,0_pas_du_tout,0_pas_du_tout,1_un peu,2_moyennement,2_moyennement,4_énormément,NA
1222,69,non binaire,NA,Non renseigné,3_beaucoup,3_beaucoup,4_énormément,3_beaucoup,0_pas_du_tout,4_énormément,4_énormément,Non renseigné,NA
1223,17,femme,166.14793230173046,Non,1_un peu,2_moyennement,1_un peu,3_beaucoup,3_beaucoup,3_beaucoup,Non renseigné,Non renseigné,NA
1224,72,homme,166.74886016632342,Non renseigné,1_un peu,2_moyennement,3_beaucoup,4_énormément,3_beaucoup,3_beaucoup,3_beaucoup,Non renseigné,NA
1225,20,femme,164.05323627304585,Non renseigné,Non renseigné,1_un peu,NA,Non renseigné,3_beaucoup,3_beaucoup,0_pas_du_tout,Non renseigné,NA
1226,38,femme,165.33370407719923,Non,2_moyennement,0_pas_du_tout,4_énormément,3_beaucoup,3_beaucoup,Non renseigné,0_pas_du_tout,Non renseigné,NA
1227,12,homme,140.26171412559714,Oui,0_pas_du_tout,2_moyennement,0_pas_du_tout,Non renseigné,Non renseigné,2_moyennement,1_un peu,Non renseigné,NA
1228,14,femme,150.17116239582188,Non,3_beaucoup,4_énormément,3_beaucoup,1_un peu,3_beaucoup,4_énormément,Non renseigné,Non renseigné,NA
1229,35,femme,166.9734020927653,Non,0_pas_du_tout,3_beaucoup,1_un peu,0_pas_du_tout,3_beaucoup,4_énormément,3_beaucoup,4_énormément,NA
1230,71,homme,172.23925070372383,Non renseigné,2_moyennement,2_moyennement,Non renseigné,4_énormément,3_beaucoup,4_énormément,Non renseigné,2_moyennement,NA
1231,64,femme,160.26620332729956,Oui,0_pas_du_tout,3_beaucoup,3_beaucoup,1_un peu,2_moyennement,4_énormément,4_énormément,Non renseigné,NA
1232,41,homme,174.96836622718553,Oui,1_un peu,4_énormément,3_beaucoup,1_un peu,1_un peu,3_beaucoup,4_énormément,4_énormément,NA
1233,21,femme,159.1305893760139,Non,1_un peu,2_moyennement,2_moyennement,1_un peu,2_moyennement,0_pas_du_tout,2_moyennement,Non renseigné,NA
1234,23,femme,159.05823443636228,Non renseigné,Non renseigné,1_un peu,0_pas_du_tout,1_un peu,4_énormément,0_pas_du_tout,Non renseigné,Non renseigné,NA
1235,51,homme,167.19252978850832,Non renseigné,3_beaucoup,2_moyennement,1_un peu,0_pas_du_tout,4_énormément,4_énormément,2_moyennement,2_moyennement,NA
1236,66,homme,160.81577014809966,Non,2_moyennement,0_pas_du_tout,2_moyennement,1_un peu,1_un peu,Non renseigné,Non renseigné,Non renseigné,NA
1237,35,homme,170.48937399126658,Non,2_moyennement,0_pas_du_tout,0_pas_du_tout,0_pas_du_tout,4_énormément,1_un peu,1_un peu,Non renseigné,NA
1238,51,femme,NA,Non,2_moyennement,1_un peu,4_énormément,4_énormément,Non renseigné,3_beaucoup,Non renseigné,Non renseigné,NA
1239,66,non binaire,NA,Non renseigné,1_un peu,4_énormément,1_un peu,0_pas_du_tout,Non renseigné,Non renseigné,Non renseigné,Non renseigné,NA
1240,61,femme,NA,Non renseigné,2_moyennement,4_énormément,1_un peu,Non renseigné,Non renseigné,2_moyennement,3_beaucoup,Non renseigné,NA
1241,41,homme,173.17252784528358,Non renseigné,1_un peu,Non renseigné,0_pas_du_tout,2_moyennement,3_beaucoup,4_énormément,1_un peu,Non renseigné,NA
1242,65,non binaire,NA,Non renseigné,1_un peu,2_moyennement,2_moyennement,2_moyennement,4_énormément,4_énormément,Non renseigné,Non renseigné,NA
1243,69,homme,163.40744655010454,Oui,3_beaucoup,4_énormément,2_moyennement,4_énormément,4_énormément,2_moyennement,3_beaucoup,Non renseigné,NA
1244,4,femme,101.24013410060822,Non,0_pas_du_tout,2_moyennement,0_pas_du_tout,3_beaucoup,2_moyennement,3_beaucoup,0_pas_du_tout,1_un peu,NA
1245,11,homme,134.56145798007483,Oui,3_beaucoup,4_énormément,0_pas_du_tout,2_moyennement,4_énormément,0_pas_du_tout,4_énormément,Non renseigné,NA
1246,18,femme,170.2535757230675,Oui,0_pas_du_tout,4_énormément,1_un peu,4_énormément,3_beaucoup,1_un peu,4_énormément,4_énormément,NA
1247,40,femme,162.76364724487968,Non renseigné,0_pas_du_tout,4_énormément,2_moyennement,1_un peu,1_un peu,4_énormément,4_énormément,1_un peu,NA
1248,59,femme,159.50418739384273,Non,3_beaucoup,0_pas_du_tout,1_un peu,0_pas_du_tout,2_moyennement,Non renseigné,3_beaucoup,3_beaucoup,NA
1249,26,femme,160.10615635071036,Non renseigné,1_un peu,Non renseigné,0_pas_du_tout,3_beaucoup,2_moyennement,1_un peu,Non renseigné,Non renseigné,NA
1250,66,homme,168.35029698665292,Non renseigné,3_beaucoup,0_pas_du_tout,1_un peu,0_pas_du_tout,3_beaucoup,3_beaucoup,4_énormément,Non renseigné,NA
1251,17,femme,166.15156361753165,Non renseigné,1_un peu,4_énormément,3_beaucoup,2_moyennement,3_beaucoup,3_beaucoup,4_énormément,Non renseigné,NA
1252,10,homme,129.44255333620882,Non renseigné,1_un peu,1_un peu,1_un peu,3_beaucoup,1_un peu,Non renseigné,Non renseigné,Non renseigné,NA
1253,NA,homme,170.69905280379444,Non renseigné,2_moyennement,Non renseigné,1_un peu,Non renseigné,1_un peu,1_un peu,3_beaucoup,2_moyennement,NA
1254,23,femme,169.1441301073964,Non renseigné,1_un peu,3_beaucoup,1_un peu,3_beaucoup,4_énormément,2_moyennement,1_un peu,Non renseigné,NA
1255,39,femme,162.6289935508897,Non renseigné,2_moyennement,Non renseigné,1_un peu,0_pas_du_tout,0_pas_du_tout,4_énormément,0_pas_du_tout,2_moyennement,NA
1256,72,NA,167.14660043992876,Non renseigné,2_moyennement,4_énormément,2_moyennement,1_un peu,Non renseigné,Non renseigné,0_pas_du_tout,Non renseigné,NA
1257,NA,femme,104.35089298513196,Oui,4_énormément,3_beaucoup,0_pas_du_tout,0_pas_du_tout,2_moyennement,4_énormément,3_beaucoup,Non renseigné,NA
1258,75,homme,174.74724102880757,Non,3_beaucoup,1_un peu,2_moyennement,0_pas_du_tout,3_beaucoup,0_pas_du_tout,3_beaucoup,Non renseigné,NA
1259,55,NA,170.48834856499525,Non renseigné,3_beaucoup,0_pas_du_tout,3_beaucoup,1_un peu,3_beaucoup,4_énormément,Non renseigné,Non renseigné,NA
1260,45,femme,169.71480862651558,Non renseigné,Non renseigné,3_beaucoup,Non renseigné,2_moyennement,4_énormément,Non renseigné,2_moyennement,Non renseigné,NA
1261,31,NA,NA,Non,Non renseigné,1_un peu,Non renseigné,2_moyennement,2_moyennement,4_énormément,0_pas_du_tout,Non renseigné,NA
1262,NA,femme,151.09097812402032,Non,0_pas_du_tout,4_énormément,3_beaucoup,3_beaucoup,3_beaucoup,3_beaucoup,3_beaucoup,Non renseigné,NA
1263,19,homme,171.73144097244295,Oui,1_un peu,4_énormément,1_un peu,0_pas_du_tout,3_beaucoup,4_énormément,4_énormément,Non renseigné,NA
1264,55,homme,155.72779084381833,Oui,1_un peu,0_pas_du_tout,3_beaucoup,2_moyennement,2_moyennement,3_beaucoup,2_moyennement,3_beaucoup,NA
1265,32,non binaire,NA,Non renseigné,Non renseigné,0_pas_du_tout,1_un peu,2_moyennement,Non renseigné,3_beaucoup,2_moyennement,1_un peu,NA
1266,15,femme,155.0786175318231,Non renseigné,2_moyennement,Non renseigné,1_un peu,2_moyennement,2_moyennement,0_pas_du_tout,Non renseigné,Non renseigné,NA
1267,6,homme,109.57484538968161,Non renseigné,0_pas_du_tout,3_beaucoup,0_pas_du_tout,1_un peu,Non renseigné,Non renseigné,Non renseigné,Non renseigné,NA
1268,14,non binaire,149.65435964074533,Non,Non renseigné,1_un peu,0_pas_du_tout,1_un peu,4_énormément,4_énormément,3_beaucoup,2_moyennement,NA
1269,15,homme,154.6007564340597,Oui,0_pas_du_tout,4_énormément,3_beaucoup,0_pas_du_tout,Non renseigné,3_beaucoup,2_moyennement,2_moyennement,NA
1270,24,NA,161.03308605327814,Non renseigné,4_énormément,4_énormément,3_beaucoup,0_pas_du_tout,Non renseigné,4_énormément,Non renseigné,Non renseigné,NA
1271,13,homme,144.29970741866302,Non,1_un peu,1_un peu,0_pas_du_tout,1_un peu,Non renseigné,3_beaucoup,3_beaucoup,0_pas_du_tout,NA
1272,NA,femme,161.25383821151866,Oui,Non renseigné,4_énormément,1_un peu,0_pas_du_tout,2_moyennement,2_moyennement,1_un peu,Non renseigné,NA
1273,NA,non binaire,NA,Non renseigné,3_beaucoup,Non renseigné,Non renseigné,Non renseigné,3_beaucoup,3_beaucoup,Non renseigné,Non renseigné,NA
1274,67,femme,164.7837530280302,Non renseigné,2_moyennement,2_moyennement,3_beaucoup,Non renseigné,Non renseigné,1_un peu,1_un peu,Non renseigné,NA
1275,9,femme,123.84900168825887,Non,Non renseigné,4_énormément,2_moyennement,Non renseigné,0_pas_du_tout,4_énormément,3_beaucoup,Non renseigné,NA
1276,76,femme,157.2067477228747,Non,1_un peu,2_moyennement,Non renseigné,4_énormément,4_énormément,4_énormément,4_énormément,Non renseigné,NA
1277,6,homme,108.7184641408762,Oui,1_un peu,4_énormément,Non renseigné,4_énormément,3_beaucoup,3_beaucoup,2_moyennement,0_pas_du_tout,NA
1278,5,homme,105.66003749953623,Oui,Non renseigné,3_beaucoup,0_pas_du_tout,0_pas_du_tout,3_beaucoup,0_pas_du_tout,3_beaucoup,Non renseigné,NA
1279,62,femme,160.0973405178285,Non,4_énormément,0_pas_du_tout,1_un peu,1_un peu,4_énormément,Non renseigné,4_énormément,4_énormément,NA
1280,28,homme,172.09639075211885,Non renseigné,2_moyennement,1_un peu,4_énormément,0_pas_du_tout,2_moyennement,Non renseigné,3_beaucoup,Non renseigné,NA
1281,44,femme,167.3061186969051,Oui,4_énormément,4_énormément,1_un peu,0_pas_du_tout,3_beaucoup,3_beaucoup,4_énormément,Non renseigné,NA
1282,64,femme,155.86541950471153,Non,2_moyennement,2_moyennement,1_un peu,2_moyennement,2_moyennement,3_beaucoup,3_beaucoup,Non renseigné,NA
1283,71,femme,160.0957862580128,Non,2_moyennement,4_énormément,4_énormément,0_pas_du_tout,Non renseigné,3_beaucoup,2_moyennement,3_beaucoup,NA
1284,63,femme,168.05361248795614,Non renseigné,2_moyennement,1_un peu,0_pas_du_tout,3_beaucoup,3_beaucoup,3_beaucoup,3_beaucoup,Non renseigné,NA
1285,30,femme,164.61678228043164,Non,2_moyennement,Non renseigné,2_moyennement,1_un peu,0_pas_du_tout,4_énormément,0_pas_du_tout,Non renseigné,NA
1286,6,femme,106.99377628996609,Non,1_un peu,1_un peu,0_pas_du_tout,0_pas_du_tout,2_moyennement,Non renseigné,4_énormément,Non renseigné,NA
1287,54,homme,173.66042345346173,Oui,2_moyennement,2_moyennement,0_pas_du_tout,0_pas_du_tout,Non renseigné,2_moyennement,3_beaucoup,Non renseigné,NA
1288,11,femme,133.59972224453398,Non renseigné,Non renseigné,0_pas_du_tout,3_beaucoup,2_moyennement,1_un peu,3_beaucoup,1_un peu,Non renseigné,NA
1289,41,homme,173.34753447392663,Non,2_moyennement,Non renseigné,2_moyennement,4_énormément,Non renseigné,1_un peu,3_beaucoup,Non renseigné,NA
1290,32,femme,165.68444171931367,Non renseigné,Non renseigné,3_beaucoup,4_énormément,4_énormément,Non renseigné,4_énormément,4_énormément,3_beaucoup,NA
1291,74,NA,162.5266883535059,Non,1_un peu,1_un peu,0_pas_du_tout,3_beaucoup,Non renseigné,3_beaucoup,0_pas_du_tout,Non renseigné,NA
1292,6,NA,NA,Non renseigné,0_pas_du_tout,0_pas_du_tout,1_un peu,3_beaucoup,0_pas_du_tout,3_beaucoup,0_pas_du_tout,Non renseigné,NA
1293,34,homme,174.18290499210494,Non,2_moyennement,3_beaucoup,Non renseigné,1_un peu,1_un peu,1_un peu,Non renseigné,Non renseigné,NA
1294,60,femme,158.2867648223429,Non renseigné,1_un peu,0_pas_du_tout,4_énormément,0_pas_du_tout,4_énormément,4_énormément,1_un peu,1_un peu,NA
1295,9,femme,124.31461007247236,Non,1_un peu,4_énormément,0_pas_du_tout,2_moyennement,1_un peu,3_beaucoup,3_beaucoup,4_énormément,NA
1296,77,NA,170.44127113657902,Non renseigné,1_un peu,3_beaucoup,1_un peu,1_un peu,4_énormément,Non renseigné,4_énormément,Non renseigné,NA
1297,53,non binaire,NA,Oui,0_pas_du_tout,3_beaucoup,2_moyennement,1_un peu,1_un peu,4_énormément,3_beaucoup,3_beaucoup,NA
1298,29,homme,177.36935340404642,Non renseigné,0_pas_du_tout,0_pas_du_tout,Non renseigné,1_un peu,2_moyennement,Non renseigné,Non renseigné,Non renseigné,NA
1299,75,homme,176.52447841114656,Oui,0_pas_du_tout,Non renseigné,Non renseigné,4_énormément,Non renseigné,2_moyennement,1_un peu,Non renseigné,NA
1300,9,homme,123.95952463688326,Non renseigné,1_un peu,2_moyennement,0_pas_du_tout,1_un peu,1_un peu,2_moyennement,Non renseigné,Non renseigné,NA
1301,78,homme,NA,Non renseigné,1_un peu,1_un peu,4_énormément,Non renseigné,Non renseigné,Non renseigné,3_beaucoup,Non renseigné,NA
1302,44,femme,161.3764309985162,Oui,2_moyennement,1_un peu,1_un peu,2_moyennement,0_pas_du_tout,2_moyennement,1_un peu,4_énormément,NA
1303,35,femme,170.67008147900037,Non renseigné,4_énormément,0_pas_du_tout,0_pas_du_tout,2_moyennement,0_pas_du_tout,2_moyennement,3_beaucoup,Non renseigné,NA
1304,66,femme,164.66588886343976,Oui,0_pas_du_tout,2_moyennement,1_un peu,1_un peu,3_beaucoup,3_beaucoup,3_beaucoup,Non renseigné,NA
1305,46,femme,157.71842086831435,Non renseigné,3_beaucoup,4_énormément,1_un peu,2_moyennement,3_beaucoup,1_un peu,1_un peu,Non renseigné,NA
1306,18,femme,168.4245690462733,Non renseigné,Non renseigné,0_pas_du_tout,3_beaucoup,0_pas_du_tout,2_moyennement,Non renseigné,0_pas_du_tout,3_beaucoup,NA
1307,29,femme,166.02593820468292,Oui,3_beaucoup,2_moyennement,0_pas_du_tout,3_beaucoup,1_un peu,1_un peu,3_beaucoup,3_beaucoup,NA
1308,77,NA,163.7446759114247,Non renseigné,3_beaucoup,4_énormément,3_beaucoup,Non renseigné,0_pas_du_tout,Non renseigné,3_beaucoup,Non renseigné,NA
1309,61,femme,159.46545374357888,Non,3_beaucoup,1_un peu,Non renseigné,3_beaucoup,1_un peu,2_moyennement,3_beaucoup,4_énormément,NA
1310,3,homme,95.25594412951735,Non renseigné,2_moyennement,2_moyennement,2_moyennement,0_pas_du_tout,2_moyennement,4_énormément,0_pas_du_tout,3_beaucoup,NA
1311,32,homme,166.80550351841882,Non renseigné,2_moyennement,1_un peu,1_un peu,1_un peu,1_un peu,Non renseigné,Non renseigné,0_pas_du_tout,NA
1312,66,homme,166.820579581858,Oui,Non renseigné,4_énormément,1_un peu,3_beaucoup,4_énormément,0_pas_du_tout,3_beaucoup,0_pas_du_tout,NA
1313,7,non binaire,114.77246787018662,Oui,2_moyennement,0_pas_du_tout,1_un peu,2_moyennement,0_pas_du_tout,2_moyennement,3_beaucoup,1_un peu,NA
1314,74,femme,157.44315009564338,Non,1_un peu,0_pas_du_tout,2_moyennement,4_énormément,1_un peu,3_beaucoup,3_beaucoup,Non renseigné,NA
1315,39,NA,165.70906330001927,Non,3_beaucoup,0_pas_du_tout,4_énormément,1_un peu,2_moyennement,2_moyennement,Non renseigné,Non renseigné,NA
1316,49,femme,159.89470263699357,Non renseigné,0_pas_du_tout,3_beaucoup,0_pas_du_tout,2_moyennement,3_beaucoup,0_pas_du_tout,Non renseigné,2_moyennement,NA
1317,52,femme,166.11350151261942,Non renseigné,2_moyennement,3_beaucoup,2_moyennement,Non renseigné,4_énormément,Non renseigné,4_énormément,4_énormément,NA
1318,79,NA,165.06262808393907,Non renseigné,3_beaucoup,4_énormément,1_un peu,1_un peu,4_énormément,4_énormément,2_moyennement,3_beaucoup,NA
1319,6,NA,108.89395596200652,Oui,0_pas_du_tout,0_pas_du_tout,0_pas_du_tout,0_pas_du_tout,2_moyennement,4_énormément,2_moyennement,Non renseigné,NA
1320,70,NA,158.3263462574045,Oui,3_beaucoup,2_moyennement,Non renseigné,0_pas_du_tout,2_moyennement,Non renseigné,Non renseigné,Non renseigné,NA
1321,20,femme,169.30551151061488,Oui,4_énormément,2_moyennement,NA,0_pas_du_tout,3_beaucoup,4_énormément,2_moyennement,Non renseigné,NA
1322,32,femme,166.3109667273252,Non renseigné,1_un peu,0_pas_du_tout,1_un peu,3_beaucoup,3_beaucoup,0_pas_du_tout,4_énormément,4_énormément,NA
1323,13,NA,NA,Non renseigné,2_moyennement,4_énormément,Non renseigné,4_énormément,4_énormément,1_un peu,4_énormément,1_un peu,NA
1324,6,homme,110.01722371577065,Oui,3_beaucoup,1_un peu,1_un peu,Non renseigné,3_beaucoup,3_beaucoup,Non renseigné,Non renseigné,NA
1325,64,non binaire,NA,Oui,0_pas_du_tout,4_énormément,1_un peu,0_pas_du_tout,1_un peu,Non renseigné,4_énormément,Non renseigné,NA
1326,59,femme,169.794918633968,Non renseigné,2_moyennement,1_un peu,1_un peu,1_un peu,3_beaucoup,Non renseigné,1_un peu,4_énormément,NA
1327,53,NA,161.75026266796937,Non renseigné,2_moyennement,1_un peu,0_pas_du_tout,3_beaucoup,3_beaucoup,4_énormément,3_beaucoup,Non renseigné,NA
1328,57,femme,168.46059494593572,Non renseigné,2_moyennement,0_pas_du_tout,1_un peu,1_un peu,3_beaucoup,4_énormément,0_pas_du_tout,Non renseigné,NA
1329,61,femme,159.61103163827732,Non,Non renseigné,2_moyennement,3_beaucoup,3_beaucoup,3_beaucoup,1_un peu,Non renseigné,Non renseigné,NA
1330,70,homme,178.1653642672165,Non renseigné,3_beaucoup,1_un peu,4_énormément,0_pas_du_tout,4_énormément,4_énormément,4_énormément,0_pas_du_tout,NA
1331,6,homme,108.64562883739909,Non renseigné,3_beaucoup,2_moyennement,1_un peu,0_pas_du_tout,Non renseigné,Non renseigné,0_pas_du_tout,Non renseigné,NA
1332,78,femme,169.59199733012025,Oui,2_moyennement,3_beaucoup,3_beaucoup,2_moyennement,3_beaucoup,0_pas_du_tout,Non renseigné,Non renseigné,NA
1333,50,homme,173.20714940288568,Non,1_un peu,3_beaucoup,4_énormément,2_moyennement,1_un peu,Non renseigné,4_énormément,3_beaucoup,NA
1334,14,homme,151.0863237234875,Oui,Non renseigné,1_un peu,0_pas_du_tout,2_moyennement,1_un peu,4_énormément,Non renseigné,0_pas_du_tout,NA
1335,60,femme,165.61205500153443,Oui,3_beaucoup,1_un peu,2_moyennement,0_pas_du_tout,1_un peu,Non renseigné,3_beaucoup,2_moyennement,NA
1336,31,femme,NA,Non,1_un peu,4_énormément,0_pas_du_tout,4_énormément,1_un peu,3_beaucoup,1_un peu,Non renseigné,NA
1337,57,homme,NA,Non renseigné,2_moyennement,2_moyennement,1_un peu,1_un peu,3_beaucoup,3_beaucoup,3_beaucoup,Non renseigné,NA
1338,20,homme,170.5150453186706,Non renseigné,0_pas_du_tout,1_un peu,NA,3_beaucoup,Non renseigné,3_beaucoup,0_pas_du_tout,Non renseigné,NA
1339,76,femme,NA,Non,4_énormément,0_pas_du_tout,0_pas_du_tout,3_beaucoup,Non renseigné,Non renseigné,Non renseigné,1_un peu,NA
1340,69,homme,171.79099599493964,Oui,2_moyennement,3_beaucoup,Non renseigné,0_pas_du_tout,1_un peu,3_beaucoup,Non renseigné,Non renseigné,NA
1341,29,non binaire,NA,Oui,1_un peu,2_moyennement,2_moyennement,1_un peu,0_pas_du_tout,0_pas_du_tout,1_un peu,0_pas_du_tout,NA
1342,72,homme,168.74240733775835,Non,3_beaucoup,3_beaucoup,2_moyennement,2_moyennement,4_énormément,Non renseigné,Non renseigné,Non renseigné,NA
1343,26,femme,159.08185439057897,Oui,2_moyennement,4_énormément,1_un peu,2_moyennement,3_beaucoup,1_un peu,0_pas_du_tout,Non renseigné,NA
1344,14,femme,149.41081261659383,Non renseigné,3_beaucoup,4_énormément,0_pas_du_tout,3_beaucoup,1_un peu,1_un peu,Non renseigné,1_un peu,NA
1345,41,femme,NA,Non,2_moyennement,3_beaucoup,3_beaucoup,3_beaucoup,Non renseigné,1_un peu,Non renseigné,Non renseigné,NA
1346,53,homme,176.0254819313213,Oui,0_pas_du_tout,2_moyennement,1_un peu,3_beaucoup,Non renseigné,Non renseigné,4_énormément,Non renseigné,NA
1347,50,femme,166.04194019870758,Non,Non renseigné,1_un peu,2_moyennement,Non renseigné,2_moyennement,2_moyennement,2_moyennement,Non renseigné,NA
1348,55,NA,NA,Non renseigné,0_pas_du_tout,Non renseigné,4_énormément,0_pas_du_tout,1_un peu,3_beaucoup,3_beaucoup,Non renseigné,NA
1349,62,homme,169.19454713933905,Oui,4_énormément,4_énormément,4_énormément,2_moyennement,1_un peu,Non renseigné,4_énormément,Non renseigné,NA
1350,50,femme,162.91207890262214,Non renseigné,0_pas_du_tout,2_moyennement,Non renseigné,4_énormément,4_énormément,1_un peu,0_pas_du_tout,2_moyennement,NA
1351,38,homme,171.5354537724287,Oui,4_énormément,1_un peu,2_moyennement,3_beaucoup,1_un peu,1_un peu,3_beaucoup,Non renseigné,NA
1352,24,homme,165.87663029330395,Oui,0_pas_du_tout,Non renseigné,1_un peu,3_beaucoup,3_beaucoup,1_un peu,0_pas_du_tout,Non renseigné,NA
1353,70,femme,160.97221134389926,Non,1_un peu,3_beaucoup,4_énormément,3_beaucoup,4_énormément,Non renseigné,Non renseigné,Non renseigné,NA
1354,32,femme,160.72115344456208,Non renseigné,4_énormément,Non renseigné,Non renseigné,0_pas_du_tout,3_beaucoup,1_un peu,4_énormément,Non renseigné,NA
1355,37,femme,162.22226443686793,Non,2_moyennement,3_beaucoup,3_beaucoup,3_beaucoup,3_beaucoup,3_beaucoup,4_énormément,4_énormément,NA
1356,15,NA,154.3730060955449,Non,Non renseigné,4_énormément,0_pas_du_tout,3_beaucoup,1_un peu,4_énormément,2_moyennement,Non renseigné,NA
1357,NA,NA,161.57695950859375,Oui,0_pas_du_tout,2_moyennement,2_moyennement,1_un peu,4_énormément,0_pas_du_tout,1_un peu,4_énormément,NA
1358,65,femme,156.39908675622974,Oui,0_pas_du_tout,4_énormément,1_un peu,0_pas_du_tout,3_beaucoup,4_énormément,3_beaucoup,Non renseigné,NA
1359,49,femme,163.72673015224672,Non renseigné,4_énormément,Non renseigné,4_énormément,0_pas_du_tout,3_beaucoup,3_beaucoup,Non renseigné,Non renseigné,NA
1360,NA,non binaire,NA,Non,Non renseigné,Non renseigné,4_énormément,0_pas_du_tout,1_un peu,Non renseigné,1_un peu,2_moyennement,NA
1361,13,non binaire,144.30301534193063,Non renseigné,4_énormément,3_beaucoup,Non renseigné,Non renseigné,2_moyennement,2_moyennement,Non renseigné,Non renseigné,NA
1362,19,homme,172.11005219225817,Oui,1_un peu,3_beaucoup,1_un peu,0_pas_du_tout,0_pas_du_tout,4_énormément,Non renseigné,Non renseigné,NA
1363,77,femme,168.63595790712978,Non,0_pas_du_tout,4_énormément,0_pas_du_tout,3_beaucoup,4_énormément,Non renseigné,4_énormément,4_énormément,NA
1364,52,homme,174.8538661780573,Non,2_moyennement,4_énormément,3_beaucoup,4_énormément,4_énormément,2_moyennement,2_moyennement,Non renseigné,NA
1365,NA,homme,164.29746295597616,Oui,1_un peu,4_énormément,4_énormément,4_énormément,Non renseigné,Non renseigné,3_beaucoup,0_pas_du_tout,NA
1366,68,femme,162.62811241686316,Oui,1_un peu,1_un peu,0_pas_du_tout,0_pas_du_tout,1_un peu,0_pas_du_tout,Non renseigné,2_moyennement,NA
1367,68,homme,162.56957853291448,Non renseigné,1_un peu,2_moyennement,2_moyennement,3_beaucoup,4_énormément,3_beaucoup,Non renseigné,Non renseigné,NA
1368,NA,femme,162.6313003700226,Oui,0_pas_du_tout,0_pas_du_tout,2_moyennement,2_moyennement,3_beaucoup,0_pas_du_tout,4_énormément,Non renseigné,NA
1369,NA,NA,NA,Non renseigné,Non renseigné,3_beaucoup,2_moyennement,Non renseigné,Non renseigné,2_moyennement,0_pas_du_tout,3_beaucoup,NA
1370,16,femme,158.5975924106149,Non,1_un peu,4_énormément,1_un peu,Non renseigné,2_moyennement,3_beaucoup,4_énormément,Non renseigné,NA
1371,NA,homme,173.26437168231132,Oui,Non renseigné,3_beaucoup,1_un peu,3_beaucoup,Non renseigné,Non renseigné,4_énormément,4_énormément,NA
1372,48,homme,172.04761380983473,Non renseigné,Non renseigné,3_beaucoup,1_un peu,2_moyennement,4_énormément,1_un peu,1_un peu,Non renseigné,NA
1373,22,NA,164.28785164123207,Non renseigné,4_énormément,2_moyennement,2_moyennement,0_pas_du_tout,2_moyennement,4_énormément,Non renseigné,Non renseigné,NA
1374,6,homme,110.25988904412304,Non renseigné,2_moyennement,3_beaucoup,0_pas_du_tout,0_pas_du_tout,1_un peu,3_beaucoup,4_énormément,2_moyennement,NA
1375,45,homme,167.8785012842531,Non,Non renseigné,3_beaucoup,2_moyennement,2_moyennement,Non renseigné,4_énormément,3_beaucoup,Non renseigné,NA
1376,66,femme,168.5123223255079,Non,0_pas_du_tout,1_un peu,0_pas_du_tout,3_beaucoup,4_énormément,1_un peu,3_beaucoup,Non renseigné,NA
1377,74,non binaire,NA,Non renseigné,0_pas_du_tout,Non renseigné,2_moyennement,0_pas_du_tout,3_beaucoup,4_énormément,Non renseigné,3_beaucoup,NA
1378,46,femme,170.2296131390302,Non,1_un peu,3_beaucoup,3_beaucoup,0_pas_du_tout,3_beaucoup,4_énormément,0_pas_du_tout,3_beaucoup,NA
1379,23,femme,161.2153307200386,Non,Non renseigné,1_un peu,Non renseigné,1_un peu,2_moyennement,3_beaucoup,Non renseigné,4_énormément,NA
1380,NA,NA,NA,Non renseigné,4_énormément,3_beaucoup,1_un peu,0_pas_du_tout,Non renseigné,2_moyennement,Non renseigné,4_énormément,NA
1381,8,femme,120.27106337377155,Non renseigné,2_moyennement,1_un peu,0_pas_du_tout,1_un peu,Non renseigné,4_énormément,Non renseigné,Non renseigné,NA
1382,19,femme,158.27101835414538,Non,4_énormément,3_beaucoup,0_pas_du_tout,1_un peu,1_un peu,4_énormément,Non renseigné,Non renseigné,NA
1383,42,non binaire,NA,Oui,2_moyennement,1_un peu,Non renseigné,3_beaucoup,2_moyennement,4_énormément,0_pas_du_tout,Non renseigné,NA
1384,NA,femme,162.23070089253025,Non renseigné,3_beaucoup,0_pas_du_tout,3_beaucoup,0_pas_du_tout,Non renseigné,1_un peu,4_énormément,Non renseigné,NA
1385,72,NA,176.08048864662396,Oui,1_un peu,1_un peu,2_moyennement,Non renseigné,1_un peu,3_beaucoup,1_un peu,Non renseigné,NA
1386,41,femme,167.11554603482207,Non renseigné,4_énormément,2_moyennement,2_moyennement,0_pas_du_tout,3_beaucoup,2_moyennement,Non renseigné,1_un peu,NA
1387,53,femme,170.67821484612014,Non,4_énormément,1_un peu,1_un peu,3_beaucoup,Non renseigné,1_un peu,Non renseigné,1_un peu,NA
1388,43,non binaire,NA,Non,2_moyennement,Non renseigné,Non renseigné,0_pas_du_tout,4_énormément,1_un peu,3_beaucoup,Non renseigné,NA
1389,61,femme,NA,Non,1_un peu,0_pas_du_tout,1_un peu,1_un peu,3_beaucoup,3_beaucoup,3_beaucoup,Non renseigné,NA
1390,17,homme,162.8368987538138,Oui,1_un peu,0_pas_du_tout,3_beaucoup,2_moyennement,1_un peu,4_énormément,4_énormément,Non renseigné,NA
1391,21,non binaire,NA,Non renseigné,1_un peu,Non renseigné,1_un peu,4_énormément,1_un peu,3_beaucoup,3_beaucoup,Non renseigné,NA
1392,NA,femme,162.14181814564085,Non renseigné,1_un peu,2_moyennement,3_beaucoup,0_pas_du_tout,4_énormément,0_pas_du_tout,0_pas_du_tout,4_énormément,NA
1393,33,femme,165.140908629058,Non renseigné,4_énormément,2_moyennement,4_énormément,0_pas_du_tout,2_moyennement,4_énormément,2_moyennement,4_énormément,NA
1394,50,femme,158.98909144516193,Non renseigné,3_beaucoup,3_beaucoup,2_moyennement,4_énormément,Non renseigné,3_beaucoup,0_pas_du_tout,Non renseigné,NA
1395,67,homme,166.6691471665395,Non renseigné,Non renseigné,2_moyennement,1_un peu,0_pas_du_tout,1_un peu,3_beaucoup,3_beaucoup,0_pas_du_tout,NA
1396,40,femme,163.33216587164978,Non renseigné,1_un peu,4_énormément,2_moyennement,Non renseigné,1_un peu,3_beaucoup,3_beaucoup,Non renseigné,NA
1397,78,femme,162.98585074772427,Non,Non renseigné,2_moyennement,4_énormément,1_un peu,2_moyennement,Non renseigné,1_un peu,Non renseigné,NA
1398,60,femme,170.1481834242682,Non renseigné,2_moyennement,2_moyennement,Non renseigné,0_pas_du_tout,3_beaucoup,1_un peu,4_énormément,Non renseigné,NA
1399,4,homme,101.40686275458401,Oui,0_pas_du_tout,4_énormément,1_un peu,4_énormément,2_moyennement,Non renseigné,3_beaucoup,Non renseigné,NA
1400,17,femme,165.95228804684402,Non,3_beaucoup,3_beaucoup,0_pas_du_tout,1_un peu,1_un peu,3_beaucoup,0_pas_du_tout,4_énormément,NA
1401,4,femme,98.89994509086556,Non,4_énormément,4_énormément,0_pas_du_tout,0_pas_du_tout,4_énormément,4_énormément,0_pas_du_tout,3_beaucoup,NA
1402,24,homme,161.9515842392699,Oui,2_moyennement,1_un peu,Non renseigné,Non renseigné,4_énormément,Non renseigné,2_moyennement,Non renseigné,NA
1403,40,femme,166.59169894545025,Oui,0_pas_du_tout,Non renseigné,0_pas_du_tout,0_pas_du_tout,1_un peu,4_énormément,Non renseigné,Non renseigné,NA
1404,37,femme,161.44772063934724,Non,3_beaucoup,Non renseigné,1_un peu,0_pas_du_tout,1_un peu,2_moyennement,1_un peu,Non renseigné,NA
1405,30,homme,173.11529179145413,Oui,4_énormément,0_pas_du_tout,3_beaucoup,0_pas_du_tout,4_énormément,3_beaucoup,0_pas_du_tout,Non renseigné,NA
1406,7,homme,115.5714538435424,Non renseigné,2_moyennement,2_moyennement,0_pas_du_tout,3_beaucoup,2_moyennement,3_beaucoup,1_un peu,Non renseigné,NA
1407,50,NA,NA,Non,0_pas_du_tout,2_moyennement,4_énormément,2_moyennement,Non renseigné,3_beaucoup,2_moyennement,Non renseigné,NA
1408,50,homme,172.6239334175238,Non renseigné,1_un peu,3_beaucoup,0_pas_du_tout,0_pas_du_tout,Non renseigné,1_un peu,0_pas_du_tout,Non renseigné,NA
1409,30,non binaire,NA,Oui,0_pas_du_tout,3_beaucoup,3_beaucoup,2_moyennement,2_moyennement,Non renseigné,3_beaucoup,Non renseigné,NA
1410,24,femme,155.20660552542034,Oui,1_un peu,4_énormément,2_moyennement,2_moyennement,3_beaucoup,3_beaucoup,1_un peu,Non renseigné,NA
1411,45,femme,162.92611341023212,Oui,Non renseigné,2_moyennement,1_un peu,1_un peu,4_énormément,1_un peu,1_un peu,Non renseigné,NA
1412,32,homme,172.91028849154108,Non renseigné,0_pas_du_tout,3_beaucoup,3_beaucoup,0_pas_du_tout,2_moyennement,1_un peu,Non renseigné,1_un peu,NA
1413,NA,femme,144.11542032802544,Non,4_énormément,0_pas_du_tout,1_un peu,0_pas_du_tout,1_un peu,3_beaucoup,0_pas_du_tout,Non renseigné,NA
1414,67,femme,158.53844023416806,Oui,4_énormément,4_énormément,Non renseigné,3_beaucoup,Non renseigné,3_beaucoup,Non renseigné,Non renseigné,NA
1415,69,homme,173.8192012236661,Oui,2_moyennement,2_moyennement,0_pas_du_tout,1_un peu,4_énormément,1_un peu,1_un peu,Non renseigné,NA
1416,NA,NA,158.71687036318517,Non renseigné,Non renseigné,0_pas_du_tout,1_un peu,3_beaucoup,4_énormément,Non renseigné,3_beaucoup,Non renseigné,NA
1417,54,NA,172.34251731048448,Oui,2_moyennement,Non renseigné,4_énormément,0_pas_du_tout,3_beaucoup,3_beaucoup,0_pas_du_tout,1_un peu,NA
1418,NA,homme,163.61439537187766,Oui,0_pas_du_tout,4_énormément,1_un peu,0_pas_du_tout,0_pas_du_tout,3_beaucoup,2_moyennement,Non renseigné,NA
1419,33,femme,166.19953410710053,Oui,4_énormément,3_beaucoup,2_moyennement,1_un peu,2_moyennement,3_beaucoup,2_moyennement,3_beaucoup,NA
1420,19,homme,176.26732375976763,Oui,Non renseigné,1_un peu,1_un peu,0_pas_du_tout,4_énormément,2_moyennement,4_énormément,3_beaucoup,NA
1421,5,homme,105.49993074494962,Non renseigné,0_pas_du_tout,Non renseigné,Non renseigné,0_pas_du_tout,0_pas_du_tout,Non renseigné,2_moyennement,Non renseigné,NA
1422,34,homme,171.31373036615747,Oui,2_moyennement,4_énormément,4_énormément,0_pas_du_tout,Non renseigné,3_beaucoup,Non renseigné,Non renseigné,NA
1423,18,NA,171.44557798930688,Oui,3_beaucoup,3_beaucoup,0_pas_du_tout,3_beaucoup,4_énormément,4_énormément,2_moyennement,Non renseigné,NA
1424,56,NA,165.8776836449696,Non,4_énormément,2_moyennement,4_énormément,2_moyennement,2_moyennement,4_énormément,3_beaucoup,4_énormément,NA
1425,78,femme,170.44374789300292,Non renseigné,2_moyennement,1_un peu,1_un peu,1_un peu,Non renseigné,3_beaucoup,1_un peu,Non renseigné,NA
1426,72,femme,164.89841244741848,Non,0_pas_du_tout,4_énormément,1_un peu,0_pas_du_tout,Non renseigné,4_énormément,Non renseigné,3_beaucoup,NA
1427,71,homme,166.4332413150267,Oui,3_beaucoup,2_moyennement,0_pas_du_tout,1_un peu,Non renseigné,4_énormément,4_énormément,4_énormément,NA
1428,20,femme,170.54360105376819,Oui,2_moyennement,0_pas_du_tout,NA,3_beaucoup,4_énormément,1_un peu,0_pas_du_tout,Non renseigné,NA
1429,43,femme,NA,Oui,3_beaucoup,3_beaucoup,0_pas_du_tout,0_pas_du_tout,Non renseigné,Non renseigné,2_moyennement,2_moyennement,NA
1430,61,homme,173.17621227117607,Oui,4_énormément,3_beaucoup,0_pas_du_tout,0_pas_du_tout,3_beaucoup,3_beaucoup,3_beaucoup,Non renseigné,NA
1431,NA,homme,119.96614677510979,Non renseigné,3_beaucoup,2_moyennement,1_un peu,Non renseigné,4_énormément,4_énormément,2_moyennement,Non renseigné,NA
1432,8,femme,121.06230079867159,Non renseigné,3_beaucoup,2_moyennement,1_un peu,2_moyennement,0_pas_du_tout,4_énormément,1_un peu,4_énormément,NA
1433,55,homme,170.09214862717255,Non,0_pas_du_tout,0_pas_du_tout,1_un peu,0_pas_du_tout,Non renseigné,2_moyennement,0_pas_du_tout,3_beaucoup,NA
1434,44,homme,172.9415403121999,Non renseigné,Non renseigné,4_énormément,0_pas_du_tout,1_un peu,4_énormément,4_énormément,1_un peu,2_moyennement,NA
1435,41,femme,173.43459838482136,Non renseigné,2_moyennement,4_énormément,1_un peu,4_énormément,4_énormément,0_pas_du_tout,3_beaucoup,Non renseigné,NA
1436,67,femme,166.041119478256,Non,3_beaucoup,2_moyennement,0_pas_du_tout,0_pas_du_tout,3_beaucoup,3_beaucoup,4_énormément,Non renseigné,NA
1437,NA,femme,NA,Non,3_beaucoup,3_beaucoup,0_pas_du_tout,0_pas_du_tout,2_moyennement,Non renseigné,4_énormément,1_un peu,NA
1438,47,femme,156.75240115872424,Non renseigné,3_beaucoup,1_un peu,Non renseigné,2_moyennement,1_un peu,Non renseigné,Non renseigné,Non renseigné,NA
1439,56,homme,179.4687232396765,Oui,3_beaucoup,2_moyennement,0_pas_du_tout,Non renseigné,Non renseigné,1_un peu,3_beaucoup,3_beaucoup,NA
1440,27,femme,157.55517625199263,Non renseigné,4_énormément,1_un peu,4_énormément,0_pas_du_tout,3_beaucoup,Non renseigné,0_pas_du_tout,2_moyennement,NA
1441,15,homme,156.88982291596878,Non renseigné,2_moyennement,1_un peu,Non renseigné,0_pas_du_tout,3_beaucoup,3_beaucoup,3_beaucoup,Non renseigné,NA
1442,64,femme,172.706897450859,Non,4_énormément,0_pas_du_tout,0_pas_du_tout,1_un peu,0_pas_du_tout,1_un peu,1_un peu,Non renseigné,NA
1443,53,homme,168.25801562825865,Non renseigné,2_moyennement,2_moyennement,1_un peu,0_pas_du_tout,Non renseigné,4_énormément,3_beaucoup,Non renseigné,NA
1444,NA,homme,125.18855908195155,Oui,1_un peu,1_un peu,Non renseigné,Non renseigné,2_moyennement,1_un peu,Non renseigné,Non renseigné,NA
1445,4,homme,102.11028941667966,Non renseigné,3_beaucoup,0_pas_du_tout,0_pas_du_tout,1_un peu,3_beaucoup,Non renseigné,4_énormément,Non renseigné,NA
1446,11,femme,133.4559172928822,Non renseigné,3_beaucoup,3_beaucoup,0_pas_du_tout,0_pas_du_tout,1_un peu,4_énormément,4_énormément,2_moyennement,NA
1447,40,homme,167.76025379014865,Oui,3_beaucoup,Non renseigné,1_un peu,3_beaucoup,4_énormément,3_beaucoup,Non renseigné,Non renseigné,NA
1448,8,homme,118.00859054366332,Oui,2_moyennement,1_un peu,2_moyennement,1_un peu,0_pas_du_tout,2_moyennement,1_un peu,0_pas_du_tout,NA
1449,30,homme,179.66459269410723,Non,2_moyennement,3_beaucoup,1_un peu,2_moyennement,Non renseigné,1_un peu,4_énormément,Non renseigné,NA
1450,NA,homme,178.24841094928564,Non,2_moyennement,Non renseigné,1_un peu,4_énormément,4_énormément,1_un peu,1_un peu,Non renseigné,NA
1451,39,femme,163.1864907423971,Non renseigné,Non renseigné,0_pas_du_tout,2_moyennement,1_un peu,0_pas_du_tout,0_pas_du_tout,0_pas_du_tout,Non renseigné,NA
1452,78,non binaire,NA,Non renseigné,2_moyennement,1_un peu,1_un peu,1_un peu,3_beaucoup,2_moyennement,2_moyennement,1_un peu,NA
1453,51,NA,168.7887429059332,Non,0_pas_du_tout,3_beaucoup,1_un peu,0_pas_du_tout,4_énormément,Non renseigné,4_énormément,Non renseigné,NA
1454,71,NA,173.17939410048223,Non renseigné,1_un peu,Non renseigné,3_beaucoup,3_beaucoup,4_énormément,0_pas_du_tout,2_moyennement,0_pas_du_tout,NA
1455,NA,femme,161.44760342220195,Oui,Non renseigné,0_pas_du_tout,1_un peu,3_beaucoup,4_énormément,3_beaucoup,Non renseigné,Non renseigné,NA
1456,14,femme,149.51010651427944,Non renseigné,3_beaucoup,1_un peu,0_pas_du_tout,4_énormément,4_énormément,2_moyennement,Non renseigné,Non renseigné,NA
1457,79,homme,170.69126964315382,Oui,0_pas_du_tout,1_un peu,3_beaucoup,0_pas_du_tout,0_pas_du_tout,2_moyennement,3_beaucoup,Non renseigné,NA
1458,37,NA,165.62996948478778,Non renseigné,4_énormément,3_beaucoup,3_beaucoup,2_moyennement,Non renseigné,Non renseigné,4_énormément,Non renseigné,NA
1459,64,non binaire,NA,Non renseigné,3_beaucoup,4_énormément,3_beaucoup,0_pas_du_tout,3_beaucoup,0_pas_du_tout,3_beaucoup,0_pas_du_tout,NA
1460,47,femme,170.87611400733806,Non,4_énormément,2_moyennement,2_moyennement,3_beaucoup,Non renseigné,3_beaucoup,Non renseigné,3_beaucoup,NA
1461,68,femme,NA,Non,1_un peu,0_pas_du_tout,Non renseigné,4_énormément,3_beaucoup,Non renseigné,4_énormément,4_énormément,NA
1462,NA,NA,163.9487455781333,Oui,Non renseigné,0_pas_du_tout,1_un peu,3_beaucoup,2_moyennement,4_énormément,Non renseigné,1_un peu,NA
1463,19,homme,174.0226638908602,Oui,Non renseigné,2_moyennement,1_un peu,1_un peu,1_un peu,4_énormément,4_énormément,Non renseigné,NA
1464,30,homme,160.74057380494685,Non renseigné,Non renseigné,Non renseigné,0_pas_du_tout,0_pas_du_tout,2_moyennement,1_un peu,3_beaucoup,Non renseigné,NA
1465,42,femme,161.8719668550385,Non,4_énormément,0_pas_du_tout,4_énormément,4_énormément,3_beaucoup,Non renseigné,0_pas_du_tout,Non renseigné,NA
1466,NA,femme,159.70411861327494,Non,0_pas_du_tout,0_pas_du_tout,2_moyennement,1_un peu,2_moyennement,2_moyennement,3_beaucoup,Non renseigné,NA
1467,27,femme,168.71796640051807,Non renseigné,1_un peu,2_moyennement,2_moyennement,0_pas_du_tout,0_pas_du_tout,4_énormément,Non renseigné,0_pas_du_tout,NA
1468,44,homme,169.70485503819836,Non renseigné,0_pas_du_tout,3_beaucoup,4_énormément,0_pas_du_tout,2_moyennement,3_beaucoup,Non renseigné,Non renseigné,NA
1469,7,femme,116.74137890056585,Non,1_un peu,4_énormément,1_un peu,4_énormément,2_moyennement,2_moyennement,2_moyennement,4_énormément,NA
1470,29,femme,165.4425566213624,Non,1_un peu,2_moyennement,3_beaucoup,2_moyennement,0_pas_du_tout,0_pas_du_tout,1_un peu,4_énormément,NA
1471,60,femme,NA,Non,4_énormément,3_beaucoup,4_énormément,Non renseigné,Non renseigné,2_moyennement,1_un peu,Non renseigné,NA
1472,51,homme,170.41201454385137,Oui,1_un peu,1_un peu,1_un peu,3_beaucoup,3_beaucoup,Non renseigné,0_pas_du_tout,0_pas_du_tout,NA
1473,51,femme,167.3934419734503,Non renseigné,1_un peu,2_moyennement,0_pas_du_tout,3_beaucoup,4_énormément,2_moyennement,1_un peu,Non renseigné,NA
1474,29,femme,158.3549473222623,Oui,3_beaucoup,0_pas_du_tout,1_un peu,0_pas_du_tout,3_beaucoup,4_énormément,Non renseigné,2_moyennement,NA
1475,5,homme,104.72594137840429,Oui,2_moyennement,1_un peu,0_pas_du_tout,Non renseigné,3_beaucoup,Non renseigné,2_moyennement,1_un peu,NA
1476,NA,NA,174.20568169032452,Non renseigné,Non renseigné,0_pas_du_tout,0_pas_du_tout,0_pas_du_tout,3_beaucoup,Non renseigné,2_moyennement,Non renseigné,NA
1477,33,homme,162.53818284807946,Non renseigné,4_énormément,0_pas_du_tout,2_moyennement,0_pas_du_tout,4_énormément,3_beaucoup,2_moyennement,Non renseigné,NA
1478,47,femme,162.20955355976608,Non,Non renseigné,0_pas_du_tout,2_moyennement,1_un peu,Non renseigné,2_moyennement,2_moyennement,Non renseigné,NA
1479,27,femme,165.87142644146954,Non renseigné,0_pas_du_tout,2_moyennement,2_moyennement,2_moyennement,1_un peu,2_moyennement,1_un peu,Non renseigné,NA
1480,59,femme,155.6323297304511,Non,2_moyennement,2_moyennement,1_un peu,2_moyennement,4_énormément,2_moyennement,3_beaucoup,4_énormément,NA
1481,NA,femme,171.31425247021184,Non,1_un peu,3_beaucoup,1_un peu,2_moyennement,Non renseigné,4_énormément,Non renseigné,Non renseigné,NA
1482,NA,NA,158.919252695405,Oui,1_un peu,2_moyennement,2_moyennement,3_beaucoup,3_beaucoup,0_pas_du_tout,0_pas_du_tout,Non renseigné,NA
1483,43,non binaire,NA,Oui,0_pas_du_tout,0_pas_du_tout,4_énormément,Non renseigné,4_énormément,3_beaucoup,Non renseigné,3_beaucoup,NA
1484,61,femme,158.82971520835437,Non,0_pas_du_tout,4_énormément,Non renseigné,0_pas_du_tout,2_moyennement,4_énormément,3_beaucoup,1_un peu,NA
1485,49,non binaire,NA,Non,4_énormément,4_énormément,1_un peu,2_moyennement,2_moyennement,Non renseigné,2_moyennement,Non renseigné,NA
1486,NA,homme,155.99051801501417,Oui,0_pas_du_tout,2_moyennement,1_un peu,2_moyennement,3_beaucoup,3_beaucoup,Non renseigné,1_un peu,NA
1487,32,femme,166.1117825097521,Non renseigné,4_énormément,3_beaucoup,2_moyennement,3_beaucoup,4_énormément,3_beaucoup,Non renseigné,1_un peu,NA
1488,58,femme,161.01045986203854,Non,1_un peu,3_beaucoup,2_moyennement,0_pas_du_tout,Non renseigné,2_moyennement,4_énormément,3_beaucoup,NA
1489,36,femme,172.49459008295003,Non renseigné,4_énormément,3_beaucoup,2_moyennement,0_pas_du_tout,3_beaucoup,2_moyennement,4_énormément,Non renseigné,NA
1490,33,homme,168.83662030361432,Oui,3_beaucoup,4_énormément,0_pas_du_tout,2_moyennement,3_beaucoup,4_énormément,0_pas_du_tout,2_moyennement,NA
1491,8,homme,118.43814583338953,Oui,Non renseigné,Non renseigné,0_pas_du_tout,2_moyennement,3_beaucoup,3_beaucoup,0_pas_du_tout,Non renseigné,NA
1492,30,non binaire,NA,Oui,2_moyennement,3_beaucoup,1_un peu,Non renseigné,4_énormément,4_énormément,2_moyennement,Non renseigné,NA
1493,10,homme,131.6522777684262,Oui,2_moyennement,2_moyennement,2_moyennement,4_énormément,1_un peu,3_beaucoup,0_pas_du_tout,0_pas_du_tout,NA
1494,52,homme,168.3054250887171,Non renseigné,0_pas_du_tout,1_un peu,3_beaucoup,0_pas_du_tout,Non renseigné,3_beaucoup,Non renseigné,Non renseigné,NA
1495,36,femme,160.60568347358242,Non renseigné,2_moyennement,2_moyennement,1_un peu,Non renseigné,4_énormément,4_énormément,2_moyennement,2_moyennement,NA
1496,29,NA,162.5201127385541,Non,0_pas_du_tout,4_énormément,1_un peu,Non renseigné,1_un peu,0_pas_du_tout,0_pas_du_tout,1_un peu,NA
1497,59,femme,161.16000284127594,Non,0_pas_du_tout,3_beaucoup,3_beaucoup,3_beaucoup,4_énormément,2_moyennement,Non renseigné,Non renseigné,NA
1498,76,femme,161.00944174731566,Non,3_beaucoup,3_beaucoup,4_énormément,2_moyennement,Non renseigné,2_moyennement,1_un peu,3_beaucoup,NA
1499,49,non binaire,NA,Non renseigné,2_moyennement,1_un peu,3_beaucoup,0_pas_du_tout,4_énormément,1_un peu,1_un peu,Non renseigné,NA
1500,64,homme,167.56054093463956,Oui,0_pas_du_tout,1_un peu,4_énormément,2_moyennement,4_énormément,3_beaucoup,3_beaucoup,Non renseigné,NA
